Pflanzenschutz_ID,Versuchsjahr,Termin,Parzelle_ID,Kultur_ID,Pflanzenschutz_Mittel_ID,Menge_l_ha,Menge_kg_ha
20865,2015,2015-04-21T00:00:00,1,8,14,,2.5
20866,2015,2015-04-21T00:00:00,2,8,14,,2.5
20867,2015,2015-04-21T00:00:00,3,8,14,,2.5
20868,2015,2015-04-21T00:00:00,4,8,14,,2.5
20869,2015,2015-04-21T00:00:00,5,8,14,,2.5
20870,2015,2015-04-21T00:00:00,6,8,14,,2.5
20871,2015,2015-04-21T00:00:00,7,8,14,,2.5
20872,2015,2015-04-21T00:00:00,8,8,14,,2.5
20873,2015,2015-04-21T00:00:00,9,8,14,,2.5
20874,2015,2015-04-21T00:00:00,10,8,14,,2.5
20875,2015,2015-04-21T00:00:00,11,8,14,,2.5
20876,2015,2015-04-21T00:00:00,12,8,14,,2.5
20877,2015,2015-04-21T00:00:00,13,8,14,,2.5
20878,2015,2015-04-21T00:00:00,14,8,14,,2.5
20879,2015,2015-04-21T00:00:00,15,8,14,,2.5
20880,2015,2015-04-21T00:00:00,16,8,14,,2.5
20881,2015,2015-04-21T00:00:00,17,8,14,,2.5
20882,2015,2015-04-21T00:00:00,18,8,14,,2.5
20883,2015,2015-04-21T00:00:00,19,8,14,,2.5
20884,2015,2015-04-21T00:00:00,20,8,14,,2.5
20885,2015,2015-04-21T00:00:00,21,8,14,,2.5
20886,2015,2015-04-21T00:00:00,22,8,14,,2.5
20887,2015,2015-04-21T00:00:00,23,8,14,,2.5
20888,2015,2015-04-21T00:00:00,24,8,14,,2.5
20889,2015,2015-04-21T00:00:00,25,8,14,,2.5
20890,2015,2015-04-21T00:00:00,26,8,14,,2.5
20891,2015,2015-04-21T00:00:00,27,8,14,,2.5
20892,2015,2015-04-21T00:00:00,28,8,14,,2.5
20893,2015,2015-04-21T00:00:00,29,8,14,,2.5
20894,2015,2015-04-21T00:00:00,30,8,14,,2.5
20895,2015,2015-04-21T00:00:00,31,8,14,,2.5
20896,2015,2015-04-21T00:00:00,32,8,14,,2.5
20897,2015,2015-04-21T00:00:00,33,8,14,,2.5
20898,2015,2015-04-21T00:00:00,34,8,14,,2.5
20899,2015,2015-04-21T00:00:00,35,8,14,,2.5
20900,2015,2015-04-21T00:00:00,36,8,14,,2.5
20901,2015,2015-04-21T00:00:00,37,8,14,,2.5
20902,2015,2015-04-21T00:00:00,38,8,14,,2.5
20903,2015,2015-04-21T00:00:00,39,8,14,,2.5
20904,2015,2015-04-21T00:00:00,40,8,14,,2.5
20905,2015,2015-04-21T00:00:00,41,8,14,,2.5
20906,2015,2015-04-21T00:00:00,42,8,14,,2.5
20907,2015,2015-04-21T00:00:00,43,8,14,,2.5
20908,2015,2015-04-21T00:00:00,44,8,14,,2.5
20909,2015,2015-04-21T00:00:00,45,8,14,,2.5
20910,2015,2015-04-21T00:00:00,46,8,14,,2.5
20911,2015,2015-04-21T00:00:00,47,8,14,,2.5
20912,2015,2015-04-21T00:00:00,48,8,14,,2.5
20913,2015,2015-04-21T00:00:00,49,8,14,,2.5
20914,2015,2015-04-21T00:00:00,50,8,14,,2.5
20915,2015,2015-04-21T00:00:00,51,8,14,,2.5
20916,2015,2015-04-21T00:00:00,52,8,14,,2.5
20917,2015,2015-04-21T00:00:00,53,8,14,,2.5
20918,2015,2015-04-21T00:00:00,54,8,14,,2.5
20919,2015,2015-04-21T00:00:00,55,8,14,,2.5
20920,2015,2015-04-21T00:00:00,56,8,14,,2.5
20921,2015,2015-04-21T00:00:00,57,8,14,,2.5
20922,2015,2015-04-21T00:00:00,58,8,14,,2.5
20923,2015,2015-04-21T00:00:00,59,8,14,,2.5
20924,2015,2015-04-21T00:00:00,60,8,14,,2.5
20925,2015,2015-04-21T00:00:00,61,8,14,,2.5
20926,2015,2015-04-21T00:00:00,62,8,14,,2.5
20927,2015,2015-04-21T00:00:00,63,8,14,,2.5
20928,2015,2015-04-21T00:00:00,64,8,14,,2.5
20929,2015,2015-04-21T00:00:00,1,8,5,,2
20930,2015,2015-04-21T00:00:00,2,8,5,,2
20931,2015,2015-04-21T00:00:00,3,8,5,,2
20932,2015,2015-04-21T00:00:00,4,8,5,,2
20933,2015,2015-04-21T00:00:00,5,8,5,,2
20934,2015,2015-04-21T00:00:00,6,8,5,,2
20935,2015,2015-04-21T00:00:00,7,8,5,,2
20936,2015,2015-04-21T00:00:00,8,8,5,,2
20937,2015,2015-04-21T00:00:00,9,8,5,,2
20938,2015,2015-04-21T00:00:00,10,8,5,,2
20939,2015,2015-04-21T00:00:00,11,8,5,,2
20940,2015,2015-04-21T00:00:00,12,8,5,,2
20941,2015,2015-04-21T00:00:00,13,8,5,,2
20942,2015,2015-04-21T00:00:00,14,8,5,,2
20943,2015,2015-04-21T00:00:00,15,8,5,,2
20944,2015,2015-04-21T00:00:00,16,8,5,,2
20945,2015,2015-04-21T00:00:00,17,8,5,,2
20946,2015,2015-04-21T00:00:00,18,8,5,,2
20947,2015,2015-04-21T00:00:00,19,8,5,,2
20948,2015,2015-04-21T00:00:00,20,8,5,,2
20949,2015,2015-04-21T00:00:00,21,8,5,,2
20950,2015,2015-04-21T00:00:00,22,8,5,,2
20951,2015,2015-04-21T00:00:00,23,8,5,,2
20952,2015,2015-04-21T00:00:00,24,8,5,,2
20953,2015,2015-04-21T00:00:00,25,8,5,,2
20954,2015,2015-04-21T00:00:00,26,8,5,,2
20955,2015,2015-04-21T00:00:00,27,8,5,,2
20956,2015,2015-04-21T00:00:00,28,8,5,,2
20957,2015,2015-04-21T00:00:00,29,8,5,,2
20958,2015,2015-04-21T00:00:00,30,8,5,,2
20959,2015,2015-04-21T00:00:00,31,8,5,,2
20960,2015,2015-04-21T00:00:00,32,8,5,,2
20961,2015,2015-04-21T00:00:00,33,8,5,,2
20962,2015,2015-04-21T00:00:00,34,8,5,,2
20963,2015,2015-04-21T00:00:00,35,8,5,,2
20964,2015,2015-04-21T00:00:00,36,8,5,,2
20965,2015,2015-04-21T00:00:00,37,8,5,,2
20966,2015,2015-04-21T00:00:00,38,8,5,,2
20967,2015,2015-04-21T00:00:00,39,8,5,,2
20968,2015,2015-04-21T00:00:00,40,8,5,,2
20969,2015,2015-04-21T00:00:00,41,8,5,,2
20970,2015,2015-04-21T00:00:00,42,8,5,,2
20971,2015,2015-04-21T00:00:00,43,8,5,,2
20972,2015,2015-04-21T00:00:00,44,8,5,,2
20973,2015,2015-04-21T00:00:00,45,8,5,,2
20974,2015,2015-04-21T00:00:00,46,8,5,,2
20975,2015,2015-04-21T00:00:00,47,8,5,,2
20976,2015,2015-04-21T00:00:00,48,8,5,,2
20977,2015,2015-04-21T00:00:00,49,8,5,,2
20978,2015,2015-04-21T00:00:00,50,8,5,,2
20979,2015,2015-04-21T00:00:00,51,8,5,,2
20980,2015,2015-04-21T00:00:00,52,8,5,,2
20981,2015,2015-04-21T00:00:00,53,8,5,,2
20982,2015,2015-04-21T00:00:00,54,8,5,,2
20983,2015,2015-04-21T00:00:00,55,8,5,,2
20984,2015,2015-04-21T00:00:00,56,8,5,,2
20985,2015,2015-04-21T00:00:00,57,8,5,,2
20986,2015,2015-04-21T00:00:00,58,8,5,,2
20987,2015,2015-04-21T00:00:00,59,8,5,,2
20988,2015,2015-04-21T00:00:00,60,8,5,,2
20989,2015,2015-04-21T00:00:00,61,8,5,,2
20990,2015,2015-04-21T00:00:00,62,8,5,,2
20991,2015,2015-04-21T00:00:00,63,8,5,,2
20992,2015,2015-04-21T00:00:00,64,8,5,,2
20993,2015,2015-06-02T00:00:00,1,8,62,,1.5
20994,2015,2015-06-02T00:00:00,2,8,62,,1.5
20995,2015,2015-06-02T00:00:00,3,8,62,,1.5
20996,2015,2015-06-02T00:00:00,4,8,62,,1.5
20997,2015,2015-06-02T00:00:00,5,8,62,,1.5
20998,2015,2015-06-02T00:00:00,6,8,62,,1.5
20999,2015,2015-06-02T00:00:00,7,8,62,,1.5
21000,2015,2015-06-02T00:00:00,8,8,62,,1.5
21001,2015,2015-06-02T00:00:00,9,8,62,,1.5
21002,2015,2015-06-02T00:00:00,10,8,62,,1.5
21003,2015,2015-06-02T00:00:00,11,8,62,,1.5
21004,2015,2015-06-02T00:00:00,12,8,62,,1.5
21005,2015,2015-06-02T00:00:00,13,8,62,,1.5
21006,2015,2015-06-02T00:00:00,14,8,62,,1.5
21007,2015,2015-06-02T00:00:00,15,8,62,,1.5
21008,2015,2015-06-02T00:00:00,16,8,62,,1.5
21009,2015,2015-06-02T00:00:00,17,8,62,,1.5
21010,2015,2015-06-02T00:00:00,18,8,62,,1.5
21011,2015,2015-06-02T00:00:00,19,8,62,,1.5
21012,2015,2015-06-02T00:00:00,20,8,62,,1.5
21013,2015,2015-06-02T00:00:00,21,8,62,,1.5
21014,2015,2015-06-02T00:00:00,22,8,62,,1.5
21015,2015,2015-06-02T00:00:00,23,8,62,,1.5
21016,2015,2015-06-02T00:00:00,24,8,62,,1.5
21017,2015,2015-06-02T00:00:00,25,8,62,,1.5
21018,2015,2015-06-02T00:00:00,26,8,62,,1.5
21019,2015,2015-06-02T00:00:00,27,8,62,,1.5
21020,2015,2015-06-02T00:00:00,28,8,62,,1.5
21021,2015,2015-06-02T00:00:00,29,8,62,,1.5
21022,2015,2015-06-02T00:00:00,30,8,62,,1.5
21023,2015,2015-06-02T00:00:00,31,8,62,,1.5
21024,2015,2015-06-02T00:00:00,32,8,62,,1.5
21025,2015,2015-06-02T00:00:00,33,8,62,,1.5
21026,2015,2015-06-02T00:00:00,34,8,62,,1.5
21027,2015,2015-06-02T00:00:00,35,8,62,,1.5
21028,2015,2015-06-02T00:00:00,36,8,62,,1.5
21029,2015,2015-06-02T00:00:00,37,8,62,,1.5
21030,2015,2015-06-02T00:00:00,38,8,62,,1.5
21031,2015,2015-06-02T00:00:00,39,8,62,,1.5
21032,2015,2015-06-02T00:00:00,40,8,62,,1.5
21033,2015,2015-06-02T00:00:00,41,8,62,,1.5
21034,2015,2015-06-02T00:00:00,42,8,62,,1.5
21035,2015,2015-06-02T00:00:00,43,8,62,,1.5
21036,2015,2015-06-02T00:00:00,44,8,62,,1.5
21037,2015,2015-06-02T00:00:00,45,8,62,,1.5
21038,2015,2015-06-02T00:00:00,46,8,62,,1.5
21039,2015,2015-06-02T00:00:00,47,8,62,,1.5
21040,2015,2015-06-02T00:00:00,48,8,62,,1.5
21041,2015,2015-06-02T00:00:00,49,8,62,,1.5
21042,2015,2015-06-02T00:00:00,50,8,62,,1.5
21043,2015,2015-06-02T00:00:00,51,8,62,,1.5
21044,2015,2015-06-02T00:00:00,52,8,62,,1.5
21045,2015,2015-06-02T00:00:00,53,8,62,,1.5
21046,2015,2015-06-02T00:00:00,54,8,62,,1.5
21047,2015,2015-06-02T00:00:00,55,8,62,,1.5
21048,2015,2015-06-02T00:00:00,56,8,62,,1.5
21049,2015,2015-06-02T00:00:00,57,8,62,,1.5
21050,2015,2015-06-02T00:00:00,58,8,62,,1.5
21051,2015,2015-06-02T00:00:00,59,8,62,,1.5
21052,2015,2015-06-02T00:00:00,60,8,62,,1.5
21053,2015,2015-06-02T00:00:00,61,8,62,,1.5
21054,2015,2015-06-02T00:00:00,62,8,62,,1.5
21055,2015,2015-06-02T00:00:00,63,8,62,,1.5
21056,2015,2015-06-02T00:00:00,64,8,62,,1.5
21057,2015,2015-04-21T00:00:00,1,8,33,,0.8
21058,2015,2015-04-21T00:00:00,2,8,33,,0.8
21059,2015,2015-04-21T00:00:00,3,8,33,,0.8
21060,2015,2015-04-21T00:00:00,4,8,33,,0.8
21061,2015,2015-04-21T00:00:00,5,8,33,,0.8
21062,2015,2015-04-21T00:00:00,6,8,33,,0.8
21063,2015,2015-04-21T00:00:00,7,8,33,,0.8
21064,2015,2015-04-21T00:00:00,8,8,33,,0.8
21065,2015,2015-04-21T00:00:00,9,8,33,,0.8
21066,2015,2015-04-21T00:00:00,10,8,33,,0.8
21067,2015,2015-04-21T00:00:00,11,8,33,,0.8
21068,2015,2015-04-21T00:00:00,12,8,33,,0.8
21069,2015,2015-04-21T00:00:00,13,8,33,,0.8
21070,2015,2015-04-21T00:00:00,14,8,33,,0.8
21071,2015,2015-04-21T00:00:00,15,8,33,,0.8
21072,2015,2015-04-21T00:00:00,16,8,33,,0.8
21073,2015,2015-04-21T00:00:00,17,8,33,,0.8
21074,2015,2015-04-21T00:00:00,18,8,33,,0.8
21075,2015,2015-04-21T00:00:00,19,8,33,,0.8
21076,2015,2015-04-21T00:00:00,20,8,33,,0.8
21077,2015,2015-04-21T00:00:00,21,8,33,,0.8
21078,2015,2015-04-21T00:00:00,22,8,33,,0.8
21079,2015,2015-04-21T00:00:00,23,8,33,,0.8
21080,2015,2015-04-21T00:00:00,24,8,33,,0.8
21081,2015,2015-04-21T00:00:00,25,8,33,,0.8
21082,2015,2015-04-21T00:00:00,26,8,33,,0.8
21083,2015,2015-04-21T00:00:00,27,8,33,,0.8
21084,2015,2015-04-21T00:00:00,28,8,33,,0.8
21085,2015,2015-04-21T00:00:00,29,8,33,,0.8
21086,2015,2015-04-21T00:00:00,30,8,33,,0.8
21087,2015,2015-04-21T00:00:00,31,8,33,,0.8
21088,2015,2015-04-21T00:00:00,32,8,33,,0.8
21089,2015,2015-04-21T00:00:00,33,8,33,,0.8
21090,2015,2015-04-21T00:00:00,34,8,33,,0.8
21091,2015,2015-04-21T00:00:00,35,8,33,,0.8
21092,2015,2015-04-21T00:00:00,36,8,33,,0.8
21093,2015,2015-04-21T00:00:00,37,8,33,,0.8
21094,2015,2015-04-21T00:00:00,38,8,33,,0.8
21095,2015,2015-04-21T00:00:00,39,8,33,,0.8
21096,2015,2015-04-21T00:00:00,40,8,33,,0.8
21097,2015,2015-04-21T00:00:00,41,8,33,,0.8
21098,2015,2015-04-21T00:00:00,42,8,33,,0.8
21099,2015,2015-04-21T00:00:00,43,8,33,,0.8
21100,2015,2015-04-21T00:00:00,44,8,33,,0.8
21101,2015,2015-04-21T00:00:00,45,8,33,,0.8
21102,2015,2015-04-21T00:00:00,46,8,33,,0.8
21103,2015,2015-04-21T00:00:00,47,8,33,,0.8
21104,2015,2015-04-21T00:00:00,48,8,33,,0.8
21105,2015,2015-04-21T00:00:00,49,8,33,,0.8
21106,2015,2015-04-21T00:00:00,50,8,33,,0.8
21107,2015,2015-04-21T00:00:00,51,8,33,,0.8
21108,2015,2015-04-21T00:00:00,52,8,33,,0.8
21109,2015,2015-04-21T00:00:00,53,8,33,,0.8
21110,2015,2015-04-21T00:00:00,54,8,33,,0.8
21111,2015,2015-04-21T00:00:00,55,8,33,,0.8
21112,2015,2015-04-21T00:00:00,56,8,33,,0.8
21113,2015,2015-04-21T00:00:00,57,8,33,,0.8
21114,2015,2015-04-21T00:00:00,58,8,33,,0.8
21115,2015,2015-04-21T00:00:00,59,8,33,,0.8
21116,2015,2015-04-21T00:00:00,60,8,33,,0.8
21117,2015,2015-04-21T00:00:00,61,8,33,,0.8
21118,2015,2015-04-21T00:00:00,62,8,33,,0.8
21119,2015,2015-04-21T00:00:00,63,8,33,,0.8
21120,2015,2015-04-21T00:00:00,64,8,33,,0.8
21121,2015,2015-06-02T00:00:00,1,8,20,,0.3
21122,2015,2015-06-02T00:00:00,2,8,20,,0.3
21123,2015,2015-06-02T00:00:00,3,8,20,,0.3
21124,2015,2015-06-02T00:00:00,4,8,20,,0.3
21125,2015,2015-06-02T00:00:00,5,8,20,,0.3
21126,2015,2015-06-02T00:00:00,6,8,20,,0.3
21127,2015,2015-06-02T00:00:00,7,8,20,,0.3
21128,2015,2015-06-02T00:00:00,8,8,20,,0.3
21129,2015,2015-06-02T00:00:00,9,8,20,,0.3
21130,2015,2015-06-02T00:00:00,10,8,20,,0.3
21131,2015,2015-06-02T00:00:00,11,8,20,,0.3
21132,2015,2015-06-02T00:00:00,12,8,20,,0.3
21133,2015,2015-06-02T00:00:00,13,8,20,,0.3
21134,2015,2015-06-02T00:00:00,14,8,20,,0.3
21135,2015,2015-06-02T00:00:00,15,8,20,,0.3
21136,2015,2015-06-02T00:00:00,16,8,20,,0.3
21137,2015,2015-06-02T00:00:00,17,8,20,,0.3
21138,2015,2015-06-02T00:00:00,18,8,20,,0.3
21139,2015,2015-06-02T00:00:00,19,8,20,,0.3
21140,2015,2015-06-02T00:00:00,20,8,20,,0.3
21141,2015,2015-06-02T00:00:00,21,8,20,,0.3
21142,2015,2015-06-02T00:00:00,22,8,20,,0.3
21143,2015,2015-06-02T00:00:00,23,8,20,,0.3
21144,2015,2015-06-02T00:00:00,24,8,20,,0.3
21145,2015,2015-06-02T00:00:00,25,8,20,,0.3
21146,2015,2015-06-02T00:00:00,26,8,20,,0.3
21147,2015,2015-06-02T00:00:00,27,8,20,,0.3
21148,2015,2015-06-02T00:00:00,28,8,20,,0.3
21149,2015,2015-06-02T00:00:00,29,8,20,,0.3
21150,2015,2015-06-02T00:00:00,30,8,20,,0.3
21151,2015,2015-06-02T00:00:00,31,8,20,,0.3
21152,2015,2015-06-02T00:00:00,32,8,20,,0.3
21153,2015,2015-06-02T00:00:00,33,8,20,,0.3
21154,2015,2015-06-02T00:00:00,34,8,20,,0.3
21155,2015,2015-06-02T00:00:00,35,8,20,,0.3
21156,2015,2015-06-02T00:00:00,36,8,20,,0.3
21157,2015,2015-06-02T00:00:00,37,8,20,,0.3
21158,2015,2015-06-02T00:00:00,38,8,20,,0.3
21159,2015,2015-06-02T00:00:00,39,8,20,,0.3
21160,2015,2015-06-02T00:00:00,40,8,20,,0.3
21161,2015,2015-06-02T00:00:00,41,8,20,,0.3
21162,2015,2015-06-02T00:00:00,42,8,20,,0.3
21163,2015,2015-06-02T00:00:00,43,8,20,,0.3
21164,2015,2015-06-02T00:00:00,44,8,20,,0.3
21165,2015,2015-06-02T00:00:00,45,8,20,,0.3
21166,2015,2015-06-02T00:00:00,46,8,20,,0.3
21167,2015,2015-06-02T00:00:00,47,8,20,,0.3
21168,2015,2015-06-02T00:00:00,48,8,20,,0.3
21169,2015,2015-06-02T00:00:00,49,8,20,,0.3
21170,2015,2015-06-02T00:00:00,50,8,20,,0.3
21171,2015,2015-06-02T00:00:00,51,8,20,,0.3
21172,2015,2015-06-02T00:00:00,52,8,20,,0.3
21173,2015,2015-06-02T00:00:00,53,8,20,,0.3
21174,2015,2015-06-02T00:00:00,54,8,20,,0.3
21175,2015,2015-06-02T00:00:00,55,8,20,,0.3
21176,2015,2015-06-02T00:00:00,56,8,20,,0.3
21177,2015,2015-06-02T00:00:00,57,8,20,,0.3
21178,2015,2015-06-02T00:00:00,58,8,20,,0.3
21179,2015,2015-06-02T00:00:00,59,8,20,,0.3
21180,2015,2015-06-02T00:00:00,60,8,20,,0.3
21181,2015,2015-06-02T00:00:00,61,8,20,,0.3
21182,2015,2015-06-02T00:00:00,62,8,20,,0.3
21183,2015,2015-06-02T00:00:00,63,8,20,,0.3
21184,2015,2015-06-02T00:00:00,64,8,20,,0.3
21185,2016,2016-04-20T00:00:00,1,1,83,,3
21186,2016,2016-04-20T00:00:00,2,1,83,,3
21187,2016,2016-04-20T00:00:00,3,1,83,,3
21188,2016,2016-04-20T00:00:00,4,1,83,,3
21189,2016,2016-04-20T00:00:00,5,1,83,,3
21190,2016,2016-04-20T00:00:00,6,1,83,,3
21191,2016,2016-04-20T00:00:00,7,1,83,,3
21192,2016,2016-04-20T00:00:00,8,1,83,,3
21193,2016,2016-04-20T00:00:00,9,1,83,,3
21194,2016,2016-04-20T00:00:00,10,1,83,,3
21195,2016,2016-04-20T00:00:00,11,1,83,,3
21196,2016,2016-04-20T00:00:00,12,1,83,,3
21197,2016,2016-04-20T00:00:00,13,1,83,,3
21198,2016,2016-04-20T00:00:00,14,1,83,,3
21199,2016,2016-04-20T00:00:00,15,1,83,,3
21200,2016,2016-04-20T00:00:00,16,1,83,,3
21201,2016,2016-04-20T00:00:00,17,1,83,,3
21202,2016,2016-04-20T00:00:00,18,1,83,,3
21203,2016,2016-04-20T00:00:00,19,1,83,,3
21204,2016,2016-04-20T00:00:00,20,1,83,,3
21205,2016,2016-04-20T00:00:00,21,1,83,,3
21206,2016,2016-04-20T00:00:00,22,1,83,,3
21207,2016,2016-04-20T00:00:00,23,1,83,,3
21208,2016,2016-04-20T00:00:00,24,1,83,,3
21209,2016,2016-04-20T00:00:00,25,1,83,,3
21210,2016,2016-04-20T00:00:00,26,1,83,,3
21211,2016,2016-04-20T00:00:00,27,1,83,,3
21212,2016,2016-04-20T00:00:00,28,1,83,,3
21213,2016,2016-04-20T00:00:00,29,1,83,,3
21214,2016,2016-04-20T00:00:00,30,1,83,,3
21215,2016,2016-04-20T00:00:00,31,1,83,,3
21216,2016,2016-04-20T00:00:00,32,1,83,,3
21217,2016,2016-04-20T00:00:00,33,1,83,,3
21218,2016,2016-04-20T00:00:00,34,1,83,,3
21219,2016,2016-04-20T00:00:00,35,1,83,,3
21220,2016,2016-04-20T00:00:00,36,1,83,,3
21221,2016,2016-04-20T00:00:00,37,1,83,,3
21222,2016,2016-04-20T00:00:00,38,1,83,,3
21223,2016,2016-04-20T00:00:00,39,1,83,,3
21224,2016,2016-04-20T00:00:00,40,1,83,,3
21225,2016,2016-04-20T00:00:00,41,1,83,,3
21226,2016,2016-04-20T00:00:00,42,1,83,,3
21227,2016,2016-04-20T00:00:00,43,1,83,,3
21228,2016,2016-04-20T00:00:00,44,1,83,,3
21229,2016,2016-04-20T00:00:00,45,1,83,,3
21230,2016,2016-04-20T00:00:00,46,1,83,,3
21231,2016,2016-04-20T00:00:00,47,1,83,,3
21232,2016,2016-04-20T00:00:00,48,1,83,,3
21233,2016,2016-04-20T00:00:00,49,1,83,,3
21234,2016,2016-04-20T00:00:00,50,1,83,,3
21235,2016,2016-04-20T00:00:00,51,1,83,,3
21236,2016,2016-04-20T00:00:00,52,1,83,,3
21237,2016,2016-04-20T00:00:00,53,1,83,,3
21238,2016,2016-04-20T00:00:00,54,1,83,,3
21239,2016,2016-04-20T00:00:00,55,1,83,,3
21240,2016,2016-04-20T00:00:00,56,1,83,,3
21241,2016,2016-04-20T00:00:00,57,1,83,,3
21242,2016,2016-04-20T00:00:00,58,1,83,,3
21243,2016,2016-04-20T00:00:00,59,1,83,,3
21244,2016,2016-04-20T00:00:00,60,1,83,,3
21245,2016,2016-04-20T00:00:00,61,1,83,,3
21246,2016,2016-04-20T00:00:00,62,1,83,,3
21247,2016,2016-04-20T00:00:00,63,1,83,,3
21248,2016,2016-04-20T00:00:00,64,1,83,,3
21249,2016,2016-06-15T00:00:00,1,1,55,,3
21250,2016,2016-06-15T00:00:00,2,1,55,,3
21251,2016,2016-06-15T00:00:00,3,1,55,,3
21252,2016,2016-06-15T00:00:00,4,1,55,,3
21253,2016,2016-06-15T00:00:00,5,1,55,,3
21254,2016,2016-06-15T00:00:00,6,1,55,,3
21255,2016,2016-06-15T00:00:00,7,1,55,,3
21256,2016,2016-06-15T00:00:00,8,1,55,,3
21257,2016,2016-06-15T00:00:00,9,1,55,,3
21258,2016,2016-06-15T00:00:00,10,1,55,,3
21259,2016,2016-06-15T00:00:00,11,1,55,,3
21260,2016,2016-06-15T00:00:00,12,1,55,,3
21261,2016,2016-06-15T00:00:00,13,1,55,,3
21262,2016,2016-06-15T00:00:00,14,1,55,,3
21263,2016,2016-06-15T00:00:00,15,1,55,,3
21264,2016,2016-06-15T00:00:00,16,1,55,,3
21265,2016,2016-06-15T00:00:00,17,1,55,,3
21266,2016,2016-06-15T00:00:00,18,1,55,,3
21267,2016,2016-06-15T00:00:00,19,1,55,,3
21268,2016,2016-06-15T00:00:00,20,1,55,,3
21269,2016,2016-06-15T00:00:00,21,1,55,,3
21270,2016,2016-06-15T00:00:00,22,1,55,,3
21271,2016,2016-06-15T00:00:00,23,1,55,,3
21272,2016,2016-06-15T00:00:00,24,1,55,,3
21273,2016,2016-06-15T00:00:00,25,1,55,,3
21274,2016,2016-06-15T00:00:00,26,1,55,,3
21275,2016,2016-06-15T00:00:00,27,1,55,,3
21276,2016,2016-06-15T00:00:00,28,1,55,,3
21277,2016,2016-06-15T00:00:00,29,1,55,,3
21278,2016,2016-06-15T00:00:00,30,1,55,,3
21279,2016,2016-06-15T00:00:00,31,1,55,,3
21280,2016,2016-06-15T00:00:00,32,1,55,,3
21281,2016,2016-06-15T00:00:00,33,1,55,,3
21282,2016,2016-06-15T00:00:00,34,1,55,,3
21283,2016,2016-06-15T00:00:00,35,1,55,,3
21284,2016,2016-06-15T00:00:00,36,1,55,,3
21285,2016,2016-06-15T00:00:00,37,1,55,,3
21286,2016,2016-06-15T00:00:00,38,1,55,,3
21287,2016,2016-06-15T00:00:00,39,1,55,,3
21288,2016,2016-06-15T00:00:00,40,1,55,,3
21289,2016,2016-06-15T00:00:00,41,1,55,,3
21290,2016,2016-06-15T00:00:00,42,1,55,,3
21291,2016,2016-06-15T00:00:00,43,1,55,,3
21292,2016,2016-06-15T00:00:00,44,1,55,,3
21293,2016,2016-06-15T00:00:00,45,1,55,,3
21294,2016,2016-06-15T00:00:00,46,1,55,,3
21295,2016,2016-06-15T00:00:00,47,1,55,,3
21296,2016,2016-06-15T00:00:00,48,1,55,,3
21297,2016,2016-06-15T00:00:00,49,1,55,,3
21298,2016,2016-06-15T00:00:00,50,1,55,,3
21299,2016,2016-06-15T00:00:00,51,1,55,,3
21300,2016,2016-06-15T00:00:00,52,1,55,,3
21301,2016,2016-06-15T00:00:00,53,1,55,,3
21302,2016,2016-06-15T00:00:00,54,1,55,,3
21303,2016,2016-06-15T00:00:00,55,1,55,,3
21304,2016,2016-06-15T00:00:00,56,1,55,,3
21305,2016,2016-06-15T00:00:00,57,1,55,,3
21306,2016,2016-06-15T00:00:00,58,1,55,,3
21307,2016,2016-06-15T00:00:00,59,1,55,,3
21308,2016,2016-06-15T00:00:00,60,1,55,,3
21309,2016,2016-06-15T00:00:00,61,1,55,,3
21310,2016,2016-06-15T00:00:00,62,1,55,,3
21311,2016,2016-06-15T00:00:00,63,1,55,,3
21312,2016,2016-06-15T00:00:00,64,1,55,,3
21313,2016,2016-06-15T00:00:00,1,1,28,,0.75
21314,2016,2016-06-15T00:00:00,2,1,28,,0.75
21315,2016,2016-06-15T00:00:00,3,1,28,,0.75
21316,2016,2016-06-15T00:00:00,4,1,28,,0.75
21317,2016,2016-06-15T00:00:00,5,1,28,,0.75
21318,2016,2016-06-15T00:00:00,6,1,28,,0.75
21319,2016,2016-06-15T00:00:00,7,1,28,,0.75
21320,2016,2016-06-15T00:00:00,8,1,28,,0.75
21321,2016,2016-06-15T00:00:00,9,1,28,,0.75
21322,2016,2016-06-15T00:00:00,10,1,28,,0.75
21323,2016,2016-06-15T00:00:00,11,1,28,,0.75
21324,2016,2016-06-15T00:00:00,12,1,28,,0.75
21325,2016,2016-06-15T00:00:00,13,1,28,,0.75
21326,2016,2016-06-15T00:00:00,14,1,28,,0.75
21327,2016,2016-06-15T00:00:00,15,1,28,,0.75
21328,2016,2016-06-15T00:00:00,16,1,28,,0.75
21329,2016,2016-06-15T00:00:00,17,1,28,,0.75
21330,2016,2016-06-15T00:00:00,18,1,28,,0.75
21331,2016,2016-06-15T00:00:00,19,1,28,,0.75
21332,2016,2016-06-15T00:00:00,20,1,28,,0.75
21333,2016,2016-06-15T00:00:00,21,1,28,,0.75
21334,2016,2016-06-15T00:00:00,22,1,28,,0.75
21335,2016,2016-06-15T00:00:00,23,1,28,,0.75
21336,2016,2016-06-15T00:00:00,24,1,28,,0.75
21337,2016,2016-06-15T00:00:00,25,1,28,,0.75
21338,2016,2016-06-15T00:00:00,26,1,28,,0.75
21339,2016,2016-06-15T00:00:00,27,1,28,,0.75
21340,2016,2016-06-15T00:00:00,28,1,28,,0.75
21341,2016,2016-06-15T00:00:00,29,1,28,,0.75
21342,2016,2016-06-15T00:00:00,30,1,28,,0.75
21343,2016,2016-06-15T00:00:00,31,1,28,,0.75
21344,2016,2016-06-15T00:00:00,32,1,28,,0.75
21345,2016,2016-06-15T00:00:00,33,1,28,,0.75
21346,2016,2016-06-15T00:00:00,34,1,28,,0.75
21347,2016,2016-06-15T00:00:00,35,1,28,,0.75
21348,2016,2016-06-15T00:00:00,36,1,28,,0.75
21349,2016,2016-06-15T00:00:00,37,1,28,,0.75
21350,2016,2016-06-15T00:00:00,38,1,28,,0.75
21351,2016,2016-06-15T00:00:00,39,1,28,,0.75
21352,2016,2016-06-15T00:00:00,40,1,28,,0.75
21353,2016,2016-06-15T00:00:00,41,1,28,,0.75
21354,2016,2016-06-15T00:00:00,42,1,28,,0.75
21355,2016,2016-06-15T00:00:00,43,1,28,,0.75
21356,2016,2016-06-15T00:00:00,44,1,28,,0.75
21357,2016,2016-06-15T00:00:00,45,1,28,,0.75
21358,2016,2016-06-15T00:00:00,46,1,28,,0.75
21359,2016,2016-06-15T00:00:00,47,1,28,,0.75
21360,2016,2016-06-15T00:00:00,48,1,28,,0.75
21361,2016,2016-06-15T00:00:00,49,1,28,,0.75
21362,2016,2016-06-15T00:00:00,50,1,28,,0.75
21363,2016,2016-06-15T00:00:00,51,1,28,,0.75
21364,2016,2016-06-15T00:00:00,52,1,28,,0.75
21365,2016,2016-06-15T00:00:00,53,1,28,,0.75
21366,2016,2016-06-15T00:00:00,54,1,28,,0.75
21367,2016,2016-06-15T00:00:00,55,1,28,,0.75
21368,2016,2016-06-15T00:00:00,56,1,28,,0.75
21369,2016,2016-06-15T00:00:00,57,1,28,,0.75
21370,2016,2016-06-15T00:00:00,58,1,28,,0.75
21371,2016,2016-06-15T00:00:00,59,1,28,,0.75
21372,2016,2016-06-15T00:00:00,60,1,28,,0.75
21373,2016,2016-06-15T00:00:00,61,1,28,,0.75
21374,2016,2016-06-15T00:00:00,62,1,28,,0.75
21375,2016,2016-06-15T00:00:00,63,1,28,,0.75
21376,2016,2016-06-15T00:00:00,64,1,28,,0.75
21377,2017,2017-04-11T00:00:00,1,7,22,0.18,
21378,2017,2017-04-11T00:00:00,2,7,22,0.18,
21379,2017,2017-04-11T00:00:00,3,7,22,0.18,
21380,2017,2017-04-11T00:00:00,4,7,22,0.18,
21381,2017,2017-04-11T00:00:00,5,7,22,0.18,
21382,2017,2017-04-11T00:00:00,6,7,22,0.18,
21383,2017,2017-04-11T00:00:00,7,7,22,0.18,
21384,2017,2017-04-11T00:00:00,8,7,22,0.18,
21385,2017,2017-04-11T00:00:00,9,7,22,0.18,
21386,2017,2017-04-11T00:00:00,10,7,22,0.18,
21387,2017,2017-04-11T00:00:00,11,7,22,0.18,
21388,2017,2017-04-11T00:00:00,12,7,22,0.18,
21389,2017,2017-04-11T00:00:00,13,7,22,0.18,
21390,2017,2017-04-11T00:00:00,14,7,22,0.18,
21391,2017,2017-04-11T00:00:00,15,7,22,0.18,
21392,2017,2017-04-11T00:00:00,16,7,22,0.18,
21393,2017,2017-04-11T00:00:00,17,7,22,0.18,
21394,2017,2017-04-11T00:00:00,18,7,22,0.18,
21395,2017,2017-04-11T00:00:00,19,7,22,0.18,
21396,2017,2017-04-11T00:00:00,20,7,22,0.18,
21397,2017,2017-04-11T00:00:00,21,7,22,0.18,
21398,2017,2017-04-11T00:00:00,22,7,22,0.18,
21399,2017,2017-04-11T00:00:00,23,7,22,0.18,
21400,2017,2017-04-11T00:00:00,24,7,22,0.18,
21401,2017,2017-04-11T00:00:00,25,7,22,0.18,
21402,2017,2017-04-11T00:00:00,26,7,22,0.18,
21403,2017,2017-04-11T00:00:00,27,7,22,0.18,
21404,2017,2017-04-11T00:00:00,28,7,22,0.18,
21405,2017,2017-04-11T00:00:00,29,7,22,0.18,
21406,2017,2017-04-11T00:00:00,30,7,22,0.18,
21407,2017,2017-04-11T00:00:00,31,7,22,0.18,
21408,2017,2017-04-11T00:00:00,32,7,22,0.18,
21409,2017,2017-04-11T00:00:00,33,7,22,0.18,
21410,2017,2017-04-11T00:00:00,34,7,22,0.18,
21411,2017,2017-04-11T00:00:00,35,7,22,0.18,
21412,2017,2017-04-11T00:00:00,36,7,22,0.18,
21413,2017,2017-04-11T00:00:00,37,7,22,0.18,
21414,2017,2017-04-11T00:00:00,38,7,22,0.18,
21415,2017,2017-04-11T00:00:00,39,7,22,0.18,
21416,2017,2017-04-11T00:00:00,40,7,22,0.18,
21417,2017,2017-04-11T00:00:00,41,7,22,0.18,
21418,2017,2017-04-11T00:00:00,42,7,22,0.18,
21419,2017,2017-04-11T00:00:00,43,7,22,0.18,
21420,2017,2017-04-11T00:00:00,44,7,22,0.18,
21421,2017,2017-04-11T00:00:00,45,7,22,0.18,
21422,2017,2017-04-11T00:00:00,46,7,22,0.18,
21423,2017,2017-04-11T00:00:00,47,7,22,0.18,
21424,2017,2017-04-11T00:00:00,48,7,22,0.18,
21425,2017,2017-04-11T00:00:00,49,7,22,0.18,
21426,2017,2017-04-11T00:00:00,50,7,22,0.18,
21427,2017,2017-04-11T00:00:00,51,7,22,0.18,
21428,2017,2017-04-11T00:00:00,52,7,22,0.18,
21429,2017,2017-04-11T00:00:00,53,7,22,0.18,
21430,2017,2017-04-11T00:00:00,54,7,22,0.18,
21431,2017,2017-04-11T00:00:00,55,7,22,0.18,
21432,2017,2017-04-11T00:00:00,56,7,22,0.18,
21433,2017,2017-04-11T00:00:00,57,7,22,0.18,
21434,2017,2017-04-11T00:00:00,58,7,22,0.18,
21435,2017,2017-04-11T00:00:00,59,7,22,0.18,
21436,2017,2017-04-11T00:00:00,60,7,22,0.18,
21437,2017,2017-04-11T00:00:00,61,7,22,0.18,
21438,2017,2017-04-11T00:00:00,62,7,22,0.18,
21439,2017,2017-04-11T00:00:00,63,7,22,0.18,
21440,2017,2017-04-11T00:00:00,64,7,22,0.18,
21441,2017,2017-04-11T00:00:00,1,7,8,0.01,
21442,2017,2017-04-11T00:00:00,2,7,8,0.01,
21443,2017,2017-04-11T00:00:00,3,7,8,0.01,
21444,2017,2017-04-11T00:00:00,4,7,8,0.01,
21445,2017,2017-04-11T00:00:00,5,7,8,0.01,
21446,2017,2017-04-11T00:00:00,6,7,8,0.01,
21447,2017,2017-04-11T00:00:00,7,7,8,0.01,
21448,2017,2017-04-11T00:00:00,8,7,8,0.01,
21449,2017,2017-04-11T00:00:00,9,7,8,0.01,
21450,2017,2017-04-11T00:00:00,10,7,8,0.01,
21451,2017,2017-04-11T00:00:00,11,7,8,0.01,
21452,2017,2017-04-11T00:00:00,12,7,8,0.01,
21453,2017,2017-04-11T00:00:00,13,7,8,0.01,
21454,2017,2017-04-11T00:00:00,14,7,8,0.01,
21455,2017,2017-04-11T00:00:00,15,7,8,0.01,
21456,2017,2017-04-11T00:00:00,16,7,8,0.01,
21457,2017,2017-04-11T00:00:00,17,7,8,0.01,
21458,2017,2017-04-11T00:00:00,18,7,8,0.01,
21459,2017,2017-04-11T00:00:00,19,7,8,0.01,
21460,2017,2017-04-11T00:00:00,20,7,8,0.01,
21461,2017,2017-04-11T00:00:00,21,7,8,0.01,
21462,2017,2017-04-11T00:00:00,22,7,8,0.01,
21463,2017,2017-04-11T00:00:00,23,7,8,0.01,
21464,2017,2017-04-11T00:00:00,24,7,8,0.01,
21465,2017,2017-04-11T00:00:00,25,7,8,0.01,
21466,2017,2017-04-11T00:00:00,26,7,8,0.01,
21467,2017,2017-04-11T00:00:00,27,7,8,0.01,
21468,2017,2017-04-11T00:00:00,28,7,8,0.01,
21469,2017,2017-04-11T00:00:00,29,7,8,0.01,
21470,2017,2017-04-11T00:00:00,30,7,8,0.01,
21471,2017,2017-04-11T00:00:00,31,7,8,0.01,
21472,2017,2017-04-11T00:00:00,32,7,8,0.01,
21473,2017,2017-04-11T00:00:00,33,7,8,0.01,
21474,2017,2017-04-11T00:00:00,34,7,8,0.01,
21475,2017,2017-04-11T00:00:00,35,7,8,0.01,
21476,2017,2017-04-11T00:00:00,36,7,8,0.01,
21477,2017,2017-04-11T00:00:00,37,7,8,0.01,
21478,2017,2017-04-11T00:00:00,38,7,8,0.01,
21479,2017,2017-04-11T00:00:00,39,7,8,0.01,
21480,2017,2017-04-11T00:00:00,40,7,8,0.01,
21481,2017,2017-04-11T00:00:00,41,7,8,0.01,
21482,2017,2017-04-11T00:00:00,42,7,8,0.01,
21483,2017,2017-04-11T00:00:00,43,7,8,0.01,
21484,2017,2017-04-11T00:00:00,44,7,8,0.01,
21485,2017,2017-04-11T00:00:00,45,7,8,0.01,
21486,2017,2017-04-11T00:00:00,46,7,8,0.01,
21487,2017,2017-04-11T00:00:00,47,7,8,0.01,
21488,2017,2017-04-11T00:00:00,48,7,8,0.01,
21489,2017,2017-04-11T00:00:00,49,7,8,0.01,
21490,2017,2017-04-11T00:00:00,50,7,8,0.01,
21491,2017,2017-04-11T00:00:00,51,7,8,0.01,
21492,2017,2017-04-11T00:00:00,52,7,8,0.01,
21493,2017,2017-04-11T00:00:00,53,7,8,0.01,
21494,2017,2017-04-11T00:00:00,54,7,8,0.01,
21495,2017,2017-04-11T00:00:00,55,7,8,0.01,
21496,2017,2017-04-11T00:00:00,56,7,8,0.01,
21497,2017,2017-04-11T00:00:00,57,7,8,0.01,
21498,2017,2017-04-11T00:00:00,58,7,8,0.01,
21499,2017,2017-04-11T00:00:00,59,7,8,0.01,
21500,2017,2017-04-11T00:00:00,60,7,8,0.01,
21501,2017,2017-04-11T00:00:00,61,7,8,0.01,
21502,2017,2017-04-11T00:00:00,62,7,8,0.01,
21503,2017,2017-04-11T00:00:00,63,7,8,0.01,
21504,2017,2017-04-11T00:00:00,64,7,8,0.01,
21505,2017,2017-04-11T00:00:00,1,7,33,,0.7
21506,2017,2017-04-11T00:00:00,2,7,33,,0.7
21507,2017,2017-04-11T00:00:00,3,7,33,,0.7
21508,2017,2017-04-11T00:00:00,4,7,33,,0.7
21509,2017,2017-04-11T00:00:00,5,7,33,,0.7
21510,2017,2017-04-11T00:00:00,6,7,33,,0.7
21511,2017,2017-04-11T00:00:00,7,7,33,,0.7
21512,2017,2017-04-11T00:00:00,8,7,33,,0.7
21513,2017,2017-04-11T00:00:00,9,7,33,,0.7
21514,2017,2017-04-11T00:00:00,10,7,33,,0.7
21515,2017,2017-04-11T00:00:00,11,7,33,,0.7
21516,2017,2017-04-11T00:00:00,12,7,33,,0.7
21517,2017,2017-04-11T00:00:00,13,7,33,,0.7
21518,2017,2017-04-11T00:00:00,14,7,33,,0.7
21519,2017,2017-04-11T00:00:00,15,7,33,,0.7
21520,2017,2017-04-11T00:00:00,16,7,33,,0.7
21521,2017,2017-04-11T00:00:00,17,7,33,,0.7
21522,2017,2017-04-11T00:00:00,18,7,33,,0.7
21523,2017,2017-04-11T00:00:00,19,7,33,,0.7
21524,2017,2017-04-11T00:00:00,20,7,33,,0.7
21525,2017,2017-04-11T00:00:00,21,7,33,,0.7
21526,2017,2017-04-11T00:00:00,22,7,33,,0.7
21527,2017,2017-04-11T00:00:00,23,7,33,,0.7
21528,2017,2017-04-11T00:00:00,24,7,33,,0.7
21529,2017,2017-04-11T00:00:00,25,7,33,,0.7
21530,2017,2017-04-11T00:00:00,26,7,33,,0.7
21531,2017,2017-04-11T00:00:00,27,7,33,,0.7
21532,2017,2017-04-11T00:00:00,28,7,33,,0.7
21533,2017,2017-04-11T00:00:00,29,7,33,,0.7
21534,2017,2017-04-11T00:00:00,30,7,33,,0.7
21535,2017,2017-04-11T00:00:00,31,7,33,,0.7
21536,2017,2017-04-11T00:00:00,32,7,33,,0.7
21537,2017,2017-04-11T00:00:00,33,7,33,,0.7
21538,2017,2017-04-11T00:00:00,34,7,33,,0.7
21539,2017,2017-04-11T00:00:00,35,7,33,,0.7
21540,2017,2017-04-11T00:00:00,36,7,33,,0.7
21541,2017,2017-04-11T00:00:00,37,7,33,,0.7
21542,2017,2017-04-11T00:00:00,38,7,33,,0.7
21543,2017,2017-04-11T00:00:00,39,7,33,,0.7
21544,2017,2017-04-11T00:00:00,40,7,33,,0.7
21545,2017,2017-04-11T00:00:00,41,7,33,,0.7
21546,2017,2017-04-11T00:00:00,42,7,33,,0.7
21547,2017,2017-04-11T00:00:00,43,7,33,,0.7
21548,2017,2017-04-11T00:00:00,44,7,33,,0.7
21549,2017,2017-04-11T00:00:00,45,7,33,,0.7
21550,2017,2017-04-11T00:00:00,46,7,33,,0.7
21551,2017,2017-04-11T00:00:00,47,7,33,,0.7
21552,2017,2017-04-11T00:00:00,48,7,33,,0.7
21553,2017,2017-04-11T00:00:00,49,7,33,,0.7
21554,2017,2017-04-11T00:00:00,50,7,33,,0.7
21555,2017,2017-04-11T00:00:00,51,7,33,,0.7
21556,2017,2017-04-11T00:00:00,52,7,33,,0.7
21557,2017,2017-04-11T00:00:00,53,7,33,,0.7
21558,2017,2017-04-11T00:00:00,54,7,33,,0.7
21559,2017,2017-04-11T00:00:00,55,7,33,,0.7
21560,2017,2017-04-11T00:00:00,56,7,33,,0.7
21561,2017,2017-04-11T00:00:00,57,7,33,,0.7
21562,2017,2017-04-11T00:00:00,58,7,33,,0.7
21563,2017,2017-04-11T00:00:00,59,7,33,,0.7
21564,2017,2017-04-11T00:00:00,60,7,33,,0.7
21565,2017,2017-04-11T00:00:00,61,7,33,,0.7
21566,2017,2017-04-11T00:00:00,62,7,33,,0.7
21567,2017,2017-04-11T00:00:00,63,7,33,,0.7
21568,2017,2017-04-11T00:00:00,64,7,33,,0.7
21569,2017,2017-05-18T00:00:00,1,7,62,,0.5
21570,2017,2017-05-18T00:00:00,2,7,62,,0.5
21571,2017,2017-05-18T00:00:00,3,7,62,,0.5
21572,2017,2017-05-18T00:00:00,4,7,62,,0.5
21573,2017,2017-05-18T00:00:00,5,7,62,,0.5
21574,2017,2017-05-18T00:00:00,6,7,62,,0.5
21575,2017,2017-05-18T00:00:00,7,7,62,,0.5
21576,2017,2017-05-18T00:00:00,8,7,62,,0.5
21577,2017,2017-05-18T00:00:00,9,7,62,,0.5
21578,2017,2017-05-18T00:00:00,10,7,62,,0.5
21579,2017,2017-05-18T00:00:00,11,7,62,,0.5
21580,2017,2017-05-18T00:00:00,12,7,62,,0.5
21581,2017,2017-05-18T00:00:00,13,7,62,,0.5
21582,2017,2017-05-18T00:00:00,14,7,62,,0.5
21583,2017,2017-05-18T00:00:00,15,7,62,,0.5
21584,2017,2017-05-18T00:00:00,16,7,62,,0.5
21585,2017,2017-05-18T00:00:00,17,7,62,,0.5
21586,2017,2017-05-18T00:00:00,18,7,62,,0.5
21587,2017,2017-05-18T00:00:00,19,7,62,,0.5
21588,2017,2017-05-18T00:00:00,20,7,62,,0.5
21589,2017,2017-05-18T00:00:00,21,7,62,,0.5
21590,2017,2017-05-18T00:00:00,22,7,62,,0.5
21591,2017,2017-05-18T00:00:00,23,7,62,,0.5
21592,2017,2017-05-18T00:00:00,24,7,62,,0.5
21593,2017,2017-05-18T00:00:00,25,7,62,,0.5
21594,2017,2017-05-18T00:00:00,26,7,62,,0.5
21595,2017,2017-05-18T00:00:00,27,7,62,,0.5
21596,2017,2017-05-18T00:00:00,28,7,62,,0.5
21597,2017,2017-05-18T00:00:00,29,7,62,,0.5
21598,2017,2017-05-18T00:00:00,30,7,62,,0.5
21599,2017,2017-05-18T00:00:00,31,7,62,,0.5
21600,2017,2017-05-18T00:00:00,32,7,62,,0.5
21601,2017,2017-05-18T00:00:00,33,7,62,,0.5
21602,2017,2017-05-18T00:00:00,34,7,62,,0.5
21603,2017,2017-05-18T00:00:00,35,7,62,,0.5
21604,2017,2017-05-18T00:00:00,36,7,62,,0.5
21605,2017,2017-05-18T00:00:00,37,7,62,,0.5
21606,2017,2017-05-18T00:00:00,38,7,62,,0.5
21607,2017,2017-05-18T00:00:00,39,7,62,,0.5
21608,2017,2017-05-18T00:00:00,40,7,62,,0.5
21609,2017,2017-05-18T00:00:00,41,7,62,,0.5
21610,2017,2017-05-18T00:00:00,42,7,62,,0.5
21611,2017,2017-05-18T00:00:00,43,7,62,,0.5
21612,2017,2017-05-18T00:00:00,44,7,62,,0.5
21613,2017,2017-05-18T00:00:00,45,7,62,,0.5
21614,2017,2017-05-18T00:00:00,46,7,62,,0.5
21615,2017,2017-05-18T00:00:00,47,7,62,,0.5
21616,2017,2017-05-18T00:00:00,48,7,62,,0.5
21617,2017,2017-05-18T00:00:00,49,7,62,,0.5
21618,2017,2017-05-18T00:00:00,50,7,62,,0.5
21619,2017,2017-05-18T00:00:00,51,7,62,,0.5
21620,2017,2017-05-18T00:00:00,52,7,62,,0.5
21621,2017,2017-05-18T00:00:00,53,7,62,,0.5
21622,2017,2017-05-18T00:00:00,54,7,62,,0.5
21623,2017,2017-05-18T00:00:00,55,7,62,,0.5
21624,2017,2017-05-18T00:00:00,56,7,62,,0.5
21625,2017,2017-05-18T00:00:00,57,7,62,,0.5
21626,2017,2017-05-18T00:00:00,58,7,62,,0.5
21627,2017,2017-05-18T00:00:00,59,7,62,,0.5
21628,2017,2017-05-18T00:00:00,60,7,62,,0.5
21629,2017,2017-05-18T00:00:00,61,7,62,,0.5
21630,2017,2017-05-18T00:00:00,62,7,62,,0.5
21631,2017,2017-05-18T00:00:00,63,7,62,,0.5
21632,2017,2017-05-18T00:00:00,64,7,62,,0.5
21633,2017,2017-05-18T00:00:00,1,7,90,,0.7
21634,2017,2017-05-18T00:00:00,2,7,90,,0.7
21635,2017,2017-05-18T00:00:00,3,7,90,,0.7
21636,2017,2017-05-18T00:00:00,4,7,90,,0.7
21637,2017,2017-05-18T00:00:00,5,7,90,,0.7
21638,2017,2017-05-18T00:00:00,6,7,90,,0.7
21639,2017,2017-05-18T00:00:00,7,7,90,,0.7
21640,2017,2017-05-18T00:00:00,8,7,90,,0.7
21641,2017,2017-05-18T00:00:00,9,7,90,,0.7
21642,2017,2017-05-18T00:00:00,10,7,90,,0.7
21643,2017,2017-05-18T00:00:00,11,7,90,,0.7
21644,2017,2017-05-18T00:00:00,12,7,90,,0.7
21645,2017,2017-05-18T00:00:00,13,7,90,,0.7
21646,2017,2017-05-18T00:00:00,14,7,90,,0.7
21647,2017,2017-05-18T00:00:00,15,7,90,,0.7
21648,2017,2017-05-18T00:00:00,16,7,90,,0.7
21649,2017,2017-05-18T00:00:00,17,7,90,,0.7
21650,2017,2017-05-18T00:00:00,18,7,90,,0.7
21651,2017,2017-05-18T00:00:00,19,7,90,,0.7
21652,2017,2017-05-18T00:00:00,20,7,90,,0.7
21653,2017,2017-05-18T00:00:00,21,7,90,,0.7
21654,2017,2017-05-18T00:00:00,22,7,90,,0.7
21655,2017,2017-05-18T00:00:00,23,7,90,,0.7
21656,2017,2017-05-18T00:00:00,24,7,90,,0.7
21657,2017,2017-05-18T00:00:00,25,7,90,,0.7
21658,2017,2017-05-18T00:00:00,26,7,90,,0.7
21659,2017,2017-05-18T00:00:00,27,7,90,,0.7
21660,2017,2017-05-18T00:00:00,28,7,90,,0.7
21661,2017,2017-05-18T00:00:00,29,7,90,,0.7
21662,2017,2017-05-18T00:00:00,30,7,90,,0.7
21663,2017,2017-05-18T00:00:00,31,7,90,,0.7
21664,2017,2017-05-18T00:00:00,32,7,90,,0.7
21665,2017,2017-05-18T00:00:00,33,7,90,,0.7
21666,2017,2017-05-18T00:00:00,34,7,90,,0.7
21667,2017,2017-05-18T00:00:00,35,7,90,,0.7
21668,2017,2017-05-18T00:00:00,36,7,90,,0.7
21669,2017,2017-05-18T00:00:00,37,7,90,,0.7
21670,2017,2017-05-18T00:00:00,38,7,90,,0.7
21671,2017,2017-05-18T00:00:00,39,7,90,,0.7
21672,2017,2017-05-18T00:00:00,40,7,90,,0.7
21673,2017,2017-05-18T00:00:00,41,7,90,,0.7
21674,2017,2017-05-18T00:00:00,42,7,90,,0.7
21675,2017,2017-05-18T00:00:00,43,7,90,,0.7
21676,2017,2017-05-18T00:00:00,44,7,90,,0.7
21677,2017,2017-05-18T00:00:00,45,7,90,,0.7
21678,2017,2017-05-18T00:00:00,46,7,90,,0.7
21679,2017,2017-05-18T00:00:00,47,7,90,,0.7
21680,2017,2017-05-18T00:00:00,48,7,90,,0.7
21681,2017,2017-05-18T00:00:00,49,7,90,,0.7
21682,2017,2017-05-18T00:00:00,50,7,90,,0.7
21683,2017,2017-05-18T00:00:00,51,7,90,,0.7
21684,2017,2017-05-18T00:00:00,52,7,90,,0.7
21685,2017,2017-05-18T00:00:00,53,7,90,,0.7
21686,2017,2017-05-18T00:00:00,54,7,90,,0.7
21687,2017,2017-05-18T00:00:00,55,7,90,,0.7
21688,2017,2017-05-18T00:00:00,56,7,90,,0.7
21689,2017,2017-05-18T00:00:00,57,7,90,,0.7
21690,2017,2017-05-18T00:00:00,58,7,90,,0.7
21691,2017,2017-05-18T00:00:00,59,7,90,,0.7
21692,2017,2017-05-18T00:00:00,60,7,90,,0.7
21693,2017,2017-05-18T00:00:00,61,7,90,,0.7
21694,2017,2017-05-18T00:00:00,62,7,90,,0.7
21695,2017,2017-05-18T00:00:00,63,7,90,,0.7
21696,2017,2017-05-18T00:00:00,64,7,90,,0.7
21697,2017,2017-05-18T00:00:00,1,7,68,,0.3
21698,2017,2017-05-18T00:00:00,2,7,68,,0.3
21699,2017,2017-05-18T00:00:00,3,7,68,,0.3
21700,2017,2017-05-18T00:00:00,4,7,68,,0.3
21701,2017,2017-05-18T00:00:00,5,7,68,,0.3
21702,2017,2017-05-18T00:00:00,6,7,68,,0.3
21703,2017,2017-05-18T00:00:00,7,7,68,,0.3
21704,2017,2017-05-18T00:00:00,8,7,68,,0.3
21705,2017,2017-05-18T00:00:00,9,7,68,,0.3
21706,2017,2017-05-18T00:00:00,10,7,68,,0.3
21707,2017,2017-05-18T00:00:00,11,7,68,,0.3
21708,2017,2017-05-18T00:00:00,12,7,68,,0.3
21709,2017,2017-05-18T00:00:00,13,7,68,,0.3
21710,2017,2017-05-18T00:00:00,14,7,68,,0.3
21711,2017,2017-05-18T00:00:00,15,7,68,,0.3
21712,2017,2017-05-18T00:00:00,16,7,68,,0.3
21713,2017,2017-05-18T00:00:00,17,7,68,,0.3
21714,2017,2017-05-18T00:00:00,18,7,68,,0.3
21715,2017,2017-05-18T00:00:00,19,7,68,,0.3
21716,2017,2017-05-18T00:00:00,20,7,68,,0.3
21717,2017,2017-05-18T00:00:00,21,7,68,,0.3
21718,2017,2017-05-18T00:00:00,22,7,68,,0.3
21719,2017,2017-05-18T00:00:00,23,7,68,,0.3
21720,2017,2017-05-18T00:00:00,24,7,68,,0.3
21721,2017,2017-05-18T00:00:00,25,7,68,,0.3
21722,2017,2017-05-18T00:00:00,26,7,68,,0.3
21723,2017,2017-05-18T00:00:00,27,7,68,,0.3
21724,2017,2017-05-18T00:00:00,28,7,68,,0.3
21725,2017,2017-05-18T00:00:00,29,7,68,,0.3
21726,2017,2017-05-18T00:00:00,30,7,68,,0.3
21727,2017,2017-05-18T00:00:00,31,7,68,,0.3
21728,2017,2017-05-18T00:00:00,32,7,68,,0.3
21729,2017,2017-05-18T00:00:00,33,7,68,,0.3
21730,2017,2017-05-18T00:00:00,34,7,68,,0.3
21731,2017,2017-05-18T00:00:00,35,7,68,,0.3
21732,2017,2017-05-18T00:00:00,36,7,68,,0.3
21733,2017,2017-05-18T00:00:00,37,7,68,,0.3
21734,2017,2017-05-18T00:00:00,38,7,68,,0.3
21735,2017,2017-05-18T00:00:00,39,7,68,,0.3
21736,2017,2017-05-18T00:00:00,40,7,68,,0.3
21737,2017,2017-05-18T00:00:00,41,7,68,,0.3
21738,2017,2017-05-18T00:00:00,42,7,68,,0.3
21739,2017,2017-05-18T00:00:00,43,7,68,,0.3
21740,2017,2017-05-18T00:00:00,44,7,68,,0.3
21741,2017,2017-05-18T00:00:00,45,7,68,,0.3
21742,2017,2017-05-18T00:00:00,46,7,68,,0.3
21743,2017,2017-05-18T00:00:00,47,7,68,,0.3
21744,2017,2017-05-18T00:00:00,48,7,68,,0.3
21745,2017,2017-05-18T00:00:00,49,7,68,,0.3
21746,2017,2017-05-18T00:00:00,50,7,68,,0.3
21747,2017,2017-05-18T00:00:00,51,7,68,,0.3
21748,2017,2017-05-18T00:00:00,52,7,68,,0.3
21749,2017,2017-05-18T00:00:00,53,7,68,,0.3
21750,2017,2017-05-18T00:00:00,54,7,68,,0.3
21751,2017,2017-05-18T00:00:00,55,7,68,,0.3
21752,2017,2017-05-18T00:00:00,56,7,68,,0.3
21753,2017,2017-05-18T00:00:00,57,7,68,,0.3
21754,2017,2017-05-18T00:00:00,58,7,68,,0.3
21755,2017,2017-05-18T00:00:00,59,7,68,,0.3
21756,2017,2017-05-18T00:00:00,60,7,68,,0.3
21757,2017,2017-05-18T00:00:00,61,7,68,,0.3
21758,2017,2017-05-18T00:00:00,62,7,68,,0.3
21759,2017,2017-05-18T00:00:00,63,7,68,,0.3
21760,2017,2017-05-18T00:00:00,64,7,68,,0.3
21761,2017,2017-05-30T00:00:00,1,7,36,,2
21762,2017,2017-05-30T00:00:00,2,7,36,,2
21763,2017,2017-05-30T00:00:00,3,7,36,,2
21764,2017,2017-05-30T00:00:00,4,7,36,,2
21765,2017,2017-05-30T00:00:00,5,7,36,,2
21766,2017,2017-05-30T00:00:00,6,7,36,,2
21767,2017,2017-05-30T00:00:00,7,7,36,,2
21768,2017,2017-05-30T00:00:00,8,7,36,,2
21769,2017,2017-05-30T00:00:00,9,7,36,,2
21770,2017,2017-05-30T00:00:00,10,7,36,,2
21771,2017,2017-05-30T00:00:00,11,7,36,,2
21772,2017,2017-05-30T00:00:00,12,7,36,,2
21773,2017,2017-05-30T00:00:00,13,7,36,,2
21774,2017,2017-05-30T00:00:00,14,7,36,,2
21775,2017,2017-05-30T00:00:00,15,7,36,,2
21776,2017,2017-05-30T00:00:00,16,7,36,,2
21777,2017,2017-05-30T00:00:00,17,7,36,,2
21778,2017,2017-05-30T00:00:00,18,7,36,,2
21779,2017,2017-05-30T00:00:00,19,7,36,,2
21780,2017,2017-05-30T00:00:00,20,7,36,,2
21781,2017,2017-05-30T00:00:00,21,7,36,,2
21782,2017,2017-05-30T00:00:00,22,7,36,,2
21783,2017,2017-05-30T00:00:00,23,7,36,,2
21784,2017,2017-05-30T00:00:00,24,7,36,,2
21785,2017,2017-05-30T00:00:00,25,7,36,,2
21786,2017,2017-05-30T00:00:00,26,7,36,,2
21787,2017,2017-05-30T00:00:00,27,7,36,,2
21788,2017,2017-05-30T00:00:00,28,7,36,,2
21789,2017,2017-05-30T00:00:00,29,7,36,,2
21790,2017,2017-05-30T00:00:00,30,7,36,,2
21791,2017,2017-05-30T00:00:00,31,7,36,,2
21792,2017,2017-05-30T00:00:00,32,7,36,,2
21793,2017,2017-05-30T00:00:00,33,7,36,,2
21794,2017,2017-05-30T00:00:00,34,7,36,,2
21795,2017,2017-05-30T00:00:00,35,7,36,,2
21796,2017,2017-05-30T00:00:00,36,7,36,,2
21797,2017,2017-05-30T00:00:00,37,7,36,,2
21798,2017,2017-05-30T00:00:00,38,7,36,,2
21799,2017,2017-05-30T00:00:00,39,7,36,,2
21800,2017,2017-05-30T00:00:00,40,7,36,,2
21801,2017,2017-05-30T00:00:00,41,7,36,,2
21802,2017,2017-05-30T00:00:00,42,7,36,,2
21803,2017,2017-05-30T00:00:00,43,7,36,,2
21804,2017,2017-05-30T00:00:00,44,7,36,,2
21805,2017,2017-05-30T00:00:00,45,7,36,,2
21806,2017,2017-05-30T00:00:00,46,7,36,,2
21807,2017,2017-05-30T00:00:00,47,7,36,,2
21808,2017,2017-05-30T00:00:00,48,7,36,,2
21809,2017,2017-05-30T00:00:00,49,7,36,,2
21810,2017,2017-05-30T00:00:00,50,7,36,,2
21811,2017,2017-05-30T00:00:00,51,7,36,,2
21812,2017,2017-05-30T00:00:00,52,7,36,,2
21813,2017,2017-05-30T00:00:00,53,7,36,,2
21814,2017,2017-05-30T00:00:00,54,7,36,,2
21815,2017,2017-05-30T00:00:00,55,7,36,,2
21816,2017,2017-05-30T00:00:00,56,7,36,,2
21817,2017,2017-05-30T00:00:00,57,7,36,,2
21818,2017,2017-05-30T00:00:00,58,7,36,,2
21819,2017,2017-05-30T00:00:00,59,7,36,,2
21820,2017,2017-05-30T00:00:00,60,7,36,,2
21821,2017,2017-05-30T00:00:00,61,7,36,,2
21822,2017,2017-05-30T00:00:00,62,7,36,,2
21823,2017,2017-05-30T00:00:00,63,7,36,,2
21824,2017,2017-05-30T00:00:00,64,7,36,,2
21825,2017,2017-05-30T00:00:00,1,7,65,,0.08
21826,2017,2017-05-30T00:00:00,2,7,65,,0.08
21827,2017,2017-05-30T00:00:00,3,7,65,,0.08
21828,2017,2017-05-30T00:00:00,4,7,65,,0.08
21829,2017,2017-05-30T00:00:00,5,7,65,,0.08
21830,2017,2017-05-30T00:00:00,6,7,65,,0.08
21831,2017,2017-05-30T00:00:00,7,7,65,,0.08
21832,2017,2017-05-30T00:00:00,8,7,65,,0.08
21833,2017,2017-05-30T00:00:00,9,7,65,,0.08
21834,2017,2017-05-30T00:00:00,10,7,65,,0.08
21835,2017,2017-05-30T00:00:00,11,7,65,,0.08
21836,2017,2017-05-30T00:00:00,12,7,65,,0.08
21837,2017,2017-05-30T00:00:00,13,7,65,,0.08
21838,2017,2017-05-30T00:00:00,14,7,65,,0.08
21839,2017,2017-05-30T00:00:00,15,7,65,,0.08
21840,2017,2017-05-30T00:00:00,16,7,65,,0.08
21841,2017,2017-05-30T00:00:00,17,7,65,,0.08
21842,2017,2017-05-30T00:00:00,18,7,65,,0.08
21843,2017,2017-05-30T00:00:00,19,7,65,,0.08
21844,2017,2017-05-30T00:00:00,20,7,65,,0.08
21845,2017,2017-05-30T00:00:00,21,7,65,,0.08
21846,2017,2017-05-30T00:00:00,22,7,65,,0.08
21847,2017,2017-05-30T00:00:00,23,7,65,,0.08
21848,2017,2017-05-30T00:00:00,24,7,65,,0.08
21849,2017,2017-05-30T00:00:00,25,7,65,,0.08
21850,2017,2017-05-30T00:00:00,26,7,65,,0.08
21851,2017,2017-05-30T00:00:00,27,7,65,,0.08
21852,2017,2017-05-30T00:00:00,28,7,65,,0.08
21853,2017,2017-05-30T00:00:00,29,7,65,,0.08
21854,2017,2017-05-30T00:00:00,30,7,65,,0.08
21855,2017,2017-05-30T00:00:00,31,7,65,,0.08
21856,2017,2017-05-30T00:00:00,32,7,65,,0.08
21857,2017,2017-05-30T00:00:00,33,7,65,,0.08
21858,2017,2017-05-30T00:00:00,34,7,65,,0.08
21859,2017,2017-05-30T00:00:00,35,7,65,,0.08
21860,2017,2017-05-30T00:00:00,36,7,65,,0.08
21861,2017,2017-05-30T00:00:00,37,7,65,,0.08
21862,2017,2017-05-30T00:00:00,38,7,65,,0.08
21863,2017,2017-05-30T00:00:00,39,7,65,,0.08
21864,2017,2017-05-30T00:00:00,40,7,65,,0.08
21865,2017,2017-05-30T00:00:00,41,7,65,,0.08
21866,2017,2017-05-30T00:00:00,42,7,65,,0.08
21867,2017,2017-05-30T00:00:00,43,7,65,,0.08
21868,2017,2017-05-30T00:00:00,44,7,65,,0.08
21869,2017,2017-05-30T00:00:00,45,7,65,,0.08
21870,2017,2017-05-30T00:00:00,46,7,65,,0.08
21871,2017,2017-05-30T00:00:00,47,7,65,,0.08
21872,2017,2017-05-30T00:00:00,48,7,65,,0.08
21873,2017,2017-05-30T00:00:00,49,7,65,,0.08
21874,2017,2017-05-30T00:00:00,50,7,65,,0.08
21875,2017,2017-05-30T00:00:00,51,7,65,,0.08
21876,2017,2017-05-30T00:00:00,52,7,65,,0.08
21877,2017,2017-05-30T00:00:00,53,7,65,,0.08
21878,2017,2017-05-30T00:00:00,54,7,65,,0.08
21879,2017,2017-05-30T00:00:00,55,7,65,,0.08
21880,2017,2017-05-30T00:00:00,56,7,65,,0.08
21881,2017,2017-05-30T00:00:00,57,7,65,,0.08
21882,2017,2017-05-30T00:00:00,58,7,65,,0.08
21883,2017,2017-05-30T00:00:00,59,7,65,,0.08
21884,2017,2017-05-30T00:00:00,60,7,65,,0.08
21885,2017,2017-05-30T00:00:00,61,7,65,,0.08
21886,2017,2017-05-30T00:00:00,62,7,65,,0.08
21887,2017,2017-05-30T00:00:00,63,7,65,,0.08
21888,2017,2017-05-30T00:00:00,64,7,65,,0.08
21889,2017,2017-06-14T00:00:00,1,7,77,,1
21890,2017,2017-06-14T00:00:00,2,7,77,,1
21891,2017,2017-06-14T00:00:00,3,7,77,,1
21892,2017,2017-06-14T00:00:00,4,7,77,,1
21893,2017,2017-06-14T00:00:00,5,7,77,,1
21894,2017,2017-06-14T00:00:00,6,7,77,,1
21895,2017,2017-06-14T00:00:00,7,7,77,,1
21896,2017,2017-06-14T00:00:00,8,7,77,,1
21897,2017,2017-06-14T00:00:00,9,7,77,,1
21898,2017,2017-06-14T00:00:00,10,7,77,,1
21899,2017,2017-06-14T00:00:00,11,7,77,,1
21900,2017,2017-06-14T00:00:00,12,7,77,,1
21901,2017,2017-06-14T00:00:00,13,7,77,,1
21902,2017,2017-06-14T00:00:00,14,7,77,,1
21903,2017,2017-06-14T00:00:00,15,7,77,,1
21904,2017,2017-06-14T00:00:00,16,7,77,,1
21905,2017,2017-06-14T00:00:00,17,7,77,,1
21906,2017,2017-06-14T00:00:00,18,7,77,,1
21907,2017,2017-06-14T00:00:00,19,7,77,,1
21908,2017,2017-06-14T00:00:00,20,7,77,,1
21909,2017,2017-06-14T00:00:00,21,7,77,,1
21910,2017,2017-06-14T00:00:00,22,7,77,,1
21911,2017,2017-06-14T00:00:00,23,7,77,,1
21912,2017,2017-06-14T00:00:00,24,7,77,,1
21913,2017,2017-06-14T00:00:00,25,7,77,,1
21914,2017,2017-06-14T00:00:00,26,7,77,,1
21915,2017,2017-06-14T00:00:00,27,7,77,,1
21916,2017,2017-06-14T00:00:00,28,7,77,,1
21917,2017,2017-06-14T00:00:00,29,7,77,,1
21918,2017,2017-06-14T00:00:00,30,7,77,,1
21919,2017,2017-06-14T00:00:00,31,7,77,,1
21920,2017,2017-06-14T00:00:00,32,7,77,,1
21921,2017,2017-06-14T00:00:00,33,7,77,,1
21922,2017,2017-06-14T00:00:00,34,7,77,,1
21923,2017,2017-06-14T00:00:00,35,7,77,,1
21924,2017,2017-06-14T00:00:00,36,7,77,,1
21925,2017,2017-06-14T00:00:00,37,7,77,,1
21926,2017,2017-06-14T00:00:00,38,7,77,,1
21927,2017,2017-06-14T00:00:00,39,7,77,,1
21928,2017,2017-06-14T00:00:00,40,7,77,,1
21929,2017,2017-06-14T00:00:00,41,7,77,,1
21930,2017,2017-06-14T00:00:00,42,7,77,,1
21931,2017,2017-06-14T00:00:00,43,7,77,,1
21932,2017,2017-06-14T00:00:00,44,7,77,,1
21933,2017,2017-06-14T00:00:00,45,7,77,,1
21934,2017,2017-06-14T00:00:00,46,7,77,,1
21935,2017,2017-06-14T00:00:00,47,7,77,,1
21936,2017,2017-06-14T00:00:00,48,7,77,,1
21937,2017,2017-06-14T00:00:00,49,7,77,,1
21938,2017,2017-06-14T00:00:00,50,7,77,,1
21939,2017,2017-06-14T00:00:00,51,7,77,,1
21940,2017,2017-06-14T00:00:00,52,7,77,,1
21941,2017,2017-06-14T00:00:00,53,7,77,,1
21942,2017,2017-06-14T00:00:00,54,7,77,,1
21943,2017,2017-06-14T00:00:00,55,7,77,,1
21944,2017,2017-06-14T00:00:00,56,7,77,,1
21945,2017,2017-06-14T00:00:00,57,7,77,,1
21946,2017,2017-06-14T00:00:00,58,7,77,,1
21947,2017,2017-06-14T00:00:00,59,7,77,,1
21948,2017,2017-06-14T00:00:00,60,7,77,,1
21949,2017,2017-06-14T00:00:00,61,7,77,,1
21950,2017,2017-06-14T00:00:00,62,7,77,,1
21951,2017,2017-06-14T00:00:00,63,7,77,,1
21952,2017,2017-06-14T00:00:00,64,7,77,,1
21953,2018,2018-05-22T00:00:00,1,1,97,,1.5
21954,2018,2018-05-22T00:00:00,2,1,97,,1.5
21955,2018,2018-05-22T00:00:00,3,1,97,,1.5
21956,2018,2018-05-22T00:00:00,4,1,97,,1.5
21957,2018,2018-05-22T00:00:00,5,1,97,,1.5
21958,2018,2018-05-22T00:00:00,6,1,97,,1.5
21959,2018,2018-05-22T00:00:00,7,1,97,,1.5
21960,2018,2018-05-22T00:00:00,8,1,97,,1.5
21961,2018,2018-05-22T00:00:00,9,1,97,,1.5
21962,2018,2018-05-22T00:00:00,10,1,97,,1.5
21963,2018,2018-05-22T00:00:00,11,1,97,,1.5
21964,2018,2018-05-22T00:00:00,12,1,97,,1.5
21965,2018,2018-05-22T00:00:00,13,1,97,,1.5
21966,2018,2018-05-22T00:00:00,14,1,97,,1.5
21967,2018,2018-05-22T00:00:00,15,1,97,,1.5
21968,2018,2018-05-22T00:00:00,16,1,97,,1.5
21969,2018,2018-05-22T00:00:00,17,1,97,,1.5
21970,2018,2018-05-22T00:00:00,18,1,97,,1.5
21971,2018,2018-05-22T00:00:00,19,1,97,,1.5
21972,2018,2018-05-22T00:00:00,20,1,97,,1.5
21973,2018,2018-05-22T00:00:00,21,1,97,,1.5
21974,2018,2018-05-22T00:00:00,22,1,97,,1.5
21975,2018,2018-05-22T00:00:00,23,1,97,,1.5
21976,2018,2018-05-22T00:00:00,24,1,97,,1.5
21977,2018,2018-05-22T00:00:00,25,1,97,,1.5
21978,2018,2018-05-22T00:00:00,26,1,97,,1.5
21979,2018,2018-05-22T00:00:00,27,1,97,,1.5
21980,2018,2018-05-22T00:00:00,28,1,97,,1.5
21981,2018,2018-05-22T00:00:00,29,1,97,,1.5
21982,2018,2018-05-22T00:00:00,30,1,97,,1.5
21983,2018,2018-05-22T00:00:00,31,1,97,,1.5
21984,2018,2018-05-22T00:00:00,32,1,97,,1.5
21985,2018,2018-05-22T00:00:00,33,1,97,,1.5
21986,2018,2018-05-22T00:00:00,34,1,97,,1.5
21987,2018,2018-05-22T00:00:00,35,1,97,,1.5
21988,2018,2018-05-22T00:00:00,36,1,97,,1.5
21989,2018,2018-05-22T00:00:00,37,1,97,,1.5
21990,2018,2018-05-22T00:00:00,38,1,97,,1.5
21991,2018,2018-05-22T00:00:00,39,1,97,,1.5
21992,2018,2018-05-22T00:00:00,40,1,97,,1.5
21993,2018,2018-05-22T00:00:00,41,1,97,,1.5
21994,2018,2018-05-22T00:00:00,42,1,97,,1.5
21995,2018,2018-05-22T00:00:00,43,1,97,,1.5
21996,2018,2018-05-22T00:00:00,44,1,97,,1.5
21997,2018,2018-05-22T00:00:00,45,1,97,,1.5
21998,2018,2018-05-22T00:00:00,46,1,97,,1.5
21999,2018,2018-05-22T00:00:00,47,1,97,,1.5
22000,2018,2018-05-22T00:00:00,48,1,97,,1.5
22001,2018,2018-05-22T00:00:00,49,1,97,,1.5
22002,2018,2018-05-22T00:00:00,50,1,97,,1.5
22003,2018,2018-05-22T00:00:00,51,1,97,,1.5
22004,2018,2018-05-22T00:00:00,52,1,97,,1.5
22005,2018,2018-05-22T00:00:00,53,1,97,,1.5
22006,2018,2018-05-22T00:00:00,54,1,97,,1.5
22007,2018,2018-05-22T00:00:00,55,1,97,,1.5
22008,2018,2018-05-22T00:00:00,56,1,97,,1.5
22009,2018,2018-05-22T00:00:00,57,1,97,,1.5
22010,2018,2018-05-22T00:00:00,58,1,97,,1.5
22011,2018,2018-05-22T00:00:00,59,1,97,,1.5
22012,2018,2018-05-22T00:00:00,60,1,97,,1.5
22013,2018,2018-05-22T00:00:00,61,1,97,,1.5
22014,2018,2018-05-22T00:00:00,62,1,97,,1.5
22015,2018,2018-05-22T00:00:00,63,1,97,,1.5
22016,2018,2018-05-22T00:00:00,64,1,97,,1.5
22017,2018,2018-05-22T00:00:00,1,1,108,,1.5
22018,2018,2018-05-22T00:00:00,2,1,108,,1.5
22019,2018,2018-05-22T00:00:00,3,1,108,,1.5
22020,2018,2018-05-22T00:00:00,4,1,108,,1.5
22021,2018,2018-05-22T00:00:00,5,1,108,,1.5
22022,2018,2018-05-22T00:00:00,6,1,108,,1.5
22023,2018,2018-05-22T00:00:00,7,1,108,,1.5
22024,2018,2018-05-22T00:00:00,8,1,108,,1.5
22025,2018,2018-05-22T00:00:00,9,1,108,,1.5
22026,2018,2018-05-22T00:00:00,10,1,108,,1.5
22027,2018,2018-05-22T00:00:00,11,1,108,,1.5
22028,2018,2018-05-22T00:00:00,12,1,108,,1.5
22029,2018,2018-05-22T00:00:00,13,1,108,,1.5
22030,2018,2018-05-22T00:00:00,14,1,108,,1.5
22031,2018,2018-05-22T00:00:00,15,1,108,,1.5
22032,2018,2018-05-22T00:00:00,16,1,108,,1.5
22033,2018,2018-05-22T00:00:00,17,1,108,,1.5
22034,2018,2018-05-22T00:00:00,18,1,108,,1.5
22035,2018,2018-05-22T00:00:00,19,1,108,,1.5
22036,2018,2018-05-22T00:00:00,20,1,108,,1.5
22037,2018,2018-05-22T00:00:00,21,1,108,,1.5
22038,2018,2018-05-22T00:00:00,22,1,108,,1.5
22039,2018,2018-05-22T00:00:00,23,1,108,,1.5
22040,2018,2018-05-22T00:00:00,24,1,108,,1.5
22041,2018,2018-05-22T00:00:00,25,1,108,,1.5
22042,2018,2018-05-22T00:00:00,26,1,108,,1.5
22043,2018,2018-05-22T00:00:00,27,1,108,,1.5
22044,2018,2018-05-22T00:00:00,28,1,108,,1.5
22045,2018,2018-05-22T00:00:00,29,1,108,,1.5
22046,2018,2018-05-22T00:00:00,30,1,108,,1.5
22047,2018,2018-05-22T00:00:00,31,1,108,,1.5
22048,2018,2018-05-22T00:00:00,32,1,108,,1.5
22049,2018,2018-05-22T00:00:00,33,1,108,,1.5
22050,2018,2018-05-22T00:00:00,34,1,108,,1.5
22051,2018,2018-05-22T00:00:00,35,1,108,,1.5
22052,2018,2018-05-22T00:00:00,36,1,108,,1.5
22053,2018,2018-05-22T00:00:00,37,1,108,,1.5
22054,2018,2018-05-22T00:00:00,38,1,108,,1.5
22055,2018,2018-05-22T00:00:00,39,1,108,,1.5
22056,2018,2018-05-22T00:00:00,40,1,108,,1.5
22057,2018,2018-05-22T00:00:00,41,1,108,,1.5
22058,2018,2018-05-22T00:00:00,42,1,108,,1.5
22059,2018,2018-05-22T00:00:00,43,1,108,,1.5
22060,2018,2018-05-22T00:00:00,44,1,108,,1.5
22061,2018,2018-05-22T00:00:00,45,1,108,,1.5
22062,2018,2018-05-22T00:00:00,46,1,108,,1.5
22063,2018,2018-05-22T00:00:00,47,1,108,,1.5
22064,2018,2018-05-22T00:00:00,48,1,108,,1.5
22065,2018,2018-05-22T00:00:00,49,1,108,,1.5
22066,2018,2018-05-22T00:00:00,50,1,108,,1.5
22067,2018,2018-05-22T00:00:00,51,1,108,,1.5
22068,2018,2018-05-22T00:00:00,52,1,108,,1.5
22069,2018,2018-05-22T00:00:00,53,1,108,,1.5
22070,2018,2018-05-22T00:00:00,54,1,108,,1.5
22071,2018,2018-05-22T00:00:00,55,1,108,,1.5
22072,2018,2018-05-22T00:00:00,56,1,108,,1.5
22073,2018,2018-05-22T00:00:00,57,1,108,,1.5
22074,2018,2018-05-22T00:00:00,58,1,108,,1.5
22075,2018,2018-05-22T00:00:00,59,1,108,,1.5
22076,2018,2018-05-22T00:00:00,60,1,108,,1.5
22077,2018,2018-05-22T00:00:00,61,1,108,,1.5
22078,2018,2018-05-22T00:00:00,62,1,108,,1.5
22079,2018,2018-05-22T00:00:00,63,1,108,,1.5
22080,2018,2018-05-22T00:00:00,64,1,108,,1.5
22081,2019,2019-04-02T00:00:00,1,1,10,,1
22082,2019,2019-04-02T00:00:00,2,1,10,,1
22083,2019,2019-04-02T00:00:00,3,1,10,,1
22084,2019,2019-04-02T00:00:00,4,1,10,,1
22085,2019,2019-04-02T00:00:00,5,1,10,,1
22086,2019,2019-04-02T00:00:00,6,1,10,,1
22087,2019,2019-04-02T00:00:00,7,1,10,,1
22088,2019,2019-04-02T00:00:00,8,1,10,,1
22089,2019,2019-04-02T00:00:00,9,1,10,,1
22090,2019,2019-04-02T00:00:00,10,1,10,,1
22091,2019,2019-04-02T00:00:00,11,1,10,,1
22092,2019,2019-04-02T00:00:00,12,1,10,,1
22093,2019,2019-04-02T00:00:00,13,1,10,,1
22094,2019,2019-04-02T00:00:00,14,1,10,,1
22095,2019,2019-04-02T00:00:00,15,1,10,,1
22096,2019,2019-04-02T00:00:00,16,1,10,,1
22097,2019,2019-04-02T00:00:00,17,1,10,,1
22098,2019,2019-04-02T00:00:00,18,1,10,,1
22099,2019,2019-04-02T00:00:00,19,1,10,,1
22100,2019,2019-04-02T00:00:00,20,1,10,,1
22101,2019,2019-04-02T00:00:00,21,1,10,,1
22102,2019,2019-04-02T00:00:00,22,1,10,,1
22103,2019,2019-04-02T00:00:00,23,1,10,,1
22104,2019,2019-04-02T00:00:00,24,1,10,,1
22105,2019,2019-04-02T00:00:00,25,1,10,,1
22106,2019,2019-04-02T00:00:00,26,1,10,,1
22107,2019,2019-04-02T00:00:00,27,1,10,,1
22108,2019,2019-04-02T00:00:00,28,1,10,,1
22109,2019,2019-04-02T00:00:00,29,1,10,,1
22110,2019,2019-04-02T00:00:00,30,1,10,,1
22111,2019,2019-04-02T00:00:00,31,1,10,,1
22112,2019,2019-04-02T00:00:00,32,1,10,,1
22113,2019,2019-04-02T00:00:00,33,1,10,,1
22114,2019,2019-04-02T00:00:00,34,1,10,,1
22115,2019,2019-04-02T00:00:00,35,1,10,,1
22116,2019,2019-04-02T00:00:00,36,1,10,,1
22117,2019,2019-04-02T00:00:00,37,1,10,,1
22118,2019,2019-04-02T00:00:00,38,1,10,,1
22119,2019,2019-04-02T00:00:00,39,1,10,,1
22120,2019,2019-04-02T00:00:00,40,1,10,,1
22121,2019,2019-04-02T00:00:00,41,1,10,,1
22122,2019,2019-04-02T00:00:00,42,1,10,,1
22123,2019,2019-04-02T00:00:00,43,1,10,,1
22124,2019,2019-04-02T00:00:00,44,1,10,,1
22125,2019,2019-04-02T00:00:00,45,1,10,,1
22126,2019,2019-04-02T00:00:00,46,1,10,,1
22127,2019,2019-04-02T00:00:00,47,1,10,,1
22128,2019,2019-04-02T00:00:00,48,1,10,,1
22129,2019,2019-04-02T00:00:00,49,1,10,,1
22130,2019,2019-04-02T00:00:00,50,1,10,,1
22131,2019,2019-04-02T00:00:00,51,1,10,,1
22132,2019,2019-04-02T00:00:00,52,1,10,,1
22133,2019,2019-04-02T00:00:00,53,1,10,,1
22134,2019,2019-04-02T00:00:00,54,1,10,,1
22135,2019,2019-04-02T00:00:00,55,1,10,,1
22136,2019,2019-04-02T00:00:00,56,1,10,,1
22137,2019,2019-04-02T00:00:00,57,1,10,,1
22138,2019,2019-04-02T00:00:00,58,1,10,,1
22139,2019,2019-04-02T00:00:00,59,1,10,,1
22140,2019,2019-04-02T00:00:00,60,1,10,,1
22141,2019,2019-04-02T00:00:00,61,1,10,,1
22142,2019,2019-04-02T00:00:00,62,1,10,,1
22143,2019,2019-04-02T00:00:00,63,1,10,,1
22144,2019,2019-04-02T00:00:00,64,1,10,,1
22145,2019,2019-05-15T00:00:00,1,1,50,,1.5
22146,2019,2019-05-15T00:00:00,2,1,50,,1.5
22147,2019,2019-05-15T00:00:00,3,1,50,,1.5
22148,2019,2019-05-15T00:00:00,4,1,50,,1.5
22149,2019,2019-05-15T00:00:00,5,1,50,,1.5
22150,2019,2019-05-15T00:00:00,6,1,50,,1.5
22151,2019,2019-05-15T00:00:00,7,1,50,,1.5
22152,2019,2019-05-15T00:00:00,8,1,50,,1.5
22153,2019,2019-05-15T00:00:00,9,1,50,,1.5
22154,2019,2019-05-15T00:00:00,10,1,50,,1.5
22155,2019,2019-05-15T00:00:00,11,1,50,,1.5
22156,2019,2019-05-15T00:00:00,12,1,50,,1.5
22157,2019,2019-05-15T00:00:00,13,1,50,,1.5
22158,2019,2019-05-15T00:00:00,14,1,50,,1.5
22159,2019,2019-05-15T00:00:00,15,1,50,,1.5
22160,2019,2019-05-15T00:00:00,16,1,50,,1.5
22161,2019,2019-05-15T00:00:00,17,1,50,,1.5
22162,2019,2019-05-15T00:00:00,18,1,50,,1.5
22163,2019,2019-05-15T00:00:00,19,1,50,,1.5
22164,2019,2019-05-15T00:00:00,20,1,50,,1.5
22165,2019,2019-05-15T00:00:00,21,1,50,,1.5
22166,2019,2019-05-15T00:00:00,22,1,50,,1.5
22167,2019,2019-05-15T00:00:00,23,1,50,,1.5
22168,2019,2019-05-15T00:00:00,24,1,50,,1.5
22169,2019,2019-05-15T00:00:00,25,1,50,,1.5
22170,2019,2019-05-15T00:00:00,26,1,50,,1.5
22171,2019,2019-05-15T00:00:00,27,1,50,,1.5
22172,2019,2019-05-15T00:00:00,28,1,50,,1.5
22173,2019,2019-05-15T00:00:00,29,1,50,,1.5
22174,2019,2019-05-15T00:00:00,30,1,50,,1.5
22175,2019,2019-05-15T00:00:00,31,1,50,,1.5
22176,2019,2019-05-15T00:00:00,32,1,50,,1.5
22177,2019,2019-05-15T00:00:00,33,1,50,,1.5
22178,2019,2019-05-15T00:00:00,34,1,50,,1.5
22179,2019,2019-05-15T00:00:00,35,1,50,,1.5
22180,2019,2019-05-15T00:00:00,36,1,50,,1.5
22181,2019,2019-05-15T00:00:00,37,1,50,,1.5
22182,2019,2019-05-15T00:00:00,38,1,50,,1.5
22183,2019,2019-05-15T00:00:00,39,1,50,,1.5
22184,2019,2019-05-15T00:00:00,40,1,50,,1.5
22185,2019,2019-05-15T00:00:00,41,1,50,,1.5
22186,2019,2019-05-15T00:00:00,42,1,50,,1.5
22187,2019,2019-05-15T00:00:00,43,1,50,,1.5
22188,2019,2019-05-15T00:00:00,44,1,50,,1.5
22189,2019,2019-05-15T00:00:00,45,1,50,,1.5
22190,2019,2019-05-15T00:00:00,46,1,50,,1.5
22191,2019,2019-05-15T00:00:00,47,1,50,,1.5
22192,2019,2019-05-15T00:00:00,48,1,50,,1.5
22193,2019,2019-05-15T00:00:00,49,1,50,,1.5
22194,2019,2019-05-15T00:00:00,50,1,50,,1.5
22195,2019,2019-05-15T00:00:00,51,1,50,,1.5
22196,2019,2019-05-15T00:00:00,52,1,50,,1.5
22197,2019,2019-05-15T00:00:00,53,1,50,,1.5
22198,2019,2019-05-15T00:00:00,54,1,50,,1.5
22199,2019,2019-05-15T00:00:00,55,1,50,,1.5
22200,2019,2019-05-15T00:00:00,56,1,50,,1.5
22201,2019,2019-05-15T00:00:00,57,1,50,,1.5
22202,2019,2019-05-15T00:00:00,58,1,50,,1.5
22203,2019,2019-05-15T00:00:00,59,1,50,,1.5
22204,2019,2019-05-15T00:00:00,60,1,50,,1.5
22205,2019,2019-05-15T00:00:00,61,1,50,,1.5
22206,2019,2019-05-15T00:00:00,62,1,50,,1.5
22207,2019,2019-05-15T00:00:00,63,1,50,,1.5
22208,2019,2019-05-15T00:00:00,64,1,50,,1.5
22209,2019,2019-05-07T00:00:00,1,1,60,,0.08
22210,2019,2019-05-07T00:00:00,2,1,60,,0.08
22211,2019,2019-05-07T00:00:00,3,1,60,,0.08
22212,2019,2019-05-07T00:00:00,4,1,60,,0.08
22213,2019,2019-05-07T00:00:00,5,1,60,,0.08
22214,2019,2019-05-07T00:00:00,6,1,60,,0.08
22215,2019,2019-05-07T00:00:00,7,1,60,,0.08
22216,2019,2019-05-07T00:00:00,8,1,60,,0.08
22217,2019,2019-05-07T00:00:00,9,1,60,,0.08
22218,2019,2019-05-07T00:00:00,10,1,60,,0.08
22219,2019,2019-05-07T00:00:00,11,1,60,,0.08
22220,2019,2019-05-07T00:00:00,12,1,60,,0.08
22221,2019,2019-05-07T00:00:00,13,1,60,,0.08
22222,2019,2019-05-07T00:00:00,14,1,60,,0.08
22223,2019,2019-05-07T00:00:00,15,1,60,,0.08
22224,2019,2019-05-07T00:00:00,16,1,60,,0.08
22225,2019,2019-05-07T00:00:00,17,1,60,,0.08
22226,2019,2019-05-07T00:00:00,18,1,60,,0.08
22227,2019,2019-05-07T00:00:00,19,1,60,,0.08
22228,2019,2019-05-07T00:00:00,20,1,60,,0.08
22229,2019,2019-05-07T00:00:00,21,1,60,,0.08
22230,2019,2019-05-07T00:00:00,22,1,60,,0.08
22231,2019,2019-05-07T00:00:00,23,1,60,,0.08
22232,2019,2019-05-07T00:00:00,24,1,60,,0.08
22233,2019,2019-05-07T00:00:00,25,1,60,,0.08
22234,2019,2019-05-07T00:00:00,26,1,60,,0.08
22235,2019,2019-05-07T00:00:00,27,1,60,,0.08
22236,2019,2019-05-07T00:00:00,28,1,60,,0.08
22237,2019,2019-05-07T00:00:00,29,1,60,,0.08
22238,2019,2019-05-07T00:00:00,30,1,60,,0.08
22239,2019,2019-05-07T00:00:00,31,1,60,,0.08
22240,2019,2019-05-07T00:00:00,32,1,60,,0.08
22241,2019,2019-05-07T00:00:00,33,1,60,,0.08
22242,2019,2019-05-07T00:00:00,34,1,60,,0.08
22243,2019,2019-05-07T00:00:00,35,1,60,,0.08
22244,2019,2019-05-07T00:00:00,36,1,60,,0.08
22245,2019,2019-05-07T00:00:00,37,1,60,,0.08
22246,2019,2019-05-07T00:00:00,38,1,60,,0.08
22247,2019,2019-05-07T00:00:00,39,1,60,,0.08
22248,2019,2019-05-07T00:00:00,40,1,60,,0.08
22249,2019,2019-05-07T00:00:00,41,1,60,,0.08
22250,2019,2019-05-07T00:00:00,42,1,60,,0.08
22251,2019,2019-05-07T00:00:00,43,1,60,,0.08
22252,2019,2019-05-07T00:00:00,44,1,60,,0.08
22253,2019,2019-05-07T00:00:00,45,1,60,,0.08
22254,2019,2019-05-07T00:00:00,46,1,60,,0.08
22255,2019,2019-05-07T00:00:00,47,1,60,,0.08
22256,2019,2019-05-07T00:00:00,48,1,60,,0.08
22257,2019,2019-05-07T00:00:00,49,1,60,,0.08
22258,2019,2019-05-07T00:00:00,50,1,60,,0.08
22259,2019,2019-05-07T00:00:00,51,1,60,,0.08
22260,2019,2019-05-07T00:00:00,52,1,60,,0.08
22261,2019,2019-05-07T00:00:00,53,1,60,,0.08
22262,2019,2019-05-07T00:00:00,54,1,60,,0.08
22263,2019,2019-05-07T00:00:00,55,1,60,,0.08
22264,2019,2019-05-07T00:00:00,56,1,60,,0.08
22265,2019,2019-05-07T00:00:00,57,1,60,,0.08
22266,2019,2019-05-07T00:00:00,58,1,60,,0.08
22267,2019,2019-05-07T00:00:00,59,1,60,,0.08
22268,2019,2019-05-07T00:00:00,60,1,60,,0.08
22269,2019,2019-05-07T00:00:00,61,1,60,,0.08
22270,2019,2019-05-07T00:00:00,62,1,60,,0.08
22271,2019,2019-05-07T00:00:00,63,1,60,,0.08
22272,2019,2019-05-07T00:00:00,64,1,60,,0.08
22273,2019,2019-04-02T00:00:00,1,1,33,,0.4
22274,2019,2019-04-02T00:00:00,2,1,33,,0.4
22275,2019,2019-04-02T00:00:00,3,1,33,,0.4
22276,2019,2019-04-02T00:00:00,4,1,33,,0.4
22277,2019,2019-04-02T00:00:00,5,1,33,,0.4
22278,2019,2019-04-02T00:00:00,6,1,33,,0.4
22279,2019,2019-04-02T00:00:00,7,1,33,,0.4
22280,2019,2019-04-02T00:00:00,8,1,33,,0.4
22281,2019,2019-04-02T00:00:00,9,1,33,,0.4
22282,2019,2019-04-02T00:00:00,10,1,33,,0.4
22283,2019,2019-04-02T00:00:00,11,1,33,,0.4
22284,2019,2019-04-02T00:00:00,12,1,33,,0.4
22285,2019,2019-04-02T00:00:00,13,1,33,,0.4
22286,2019,2019-04-02T00:00:00,14,1,33,,0.4
22287,2019,2019-04-02T00:00:00,15,1,33,,0.4
22288,2019,2019-04-02T00:00:00,16,1,33,,0.4
22289,2019,2019-04-02T00:00:00,17,1,33,,0.4
22290,2019,2019-04-02T00:00:00,18,1,33,,0.4
22291,2019,2019-04-02T00:00:00,19,1,33,,0.4
22292,2019,2019-04-02T00:00:00,20,1,33,,0.4
22293,2019,2019-04-02T00:00:00,21,1,33,,0.4
22294,2019,2019-04-02T00:00:00,22,1,33,,0.4
22295,2019,2019-04-02T00:00:00,23,1,33,,0.4
22296,2019,2019-04-02T00:00:00,24,1,33,,0.4
22297,2019,2019-04-02T00:00:00,25,1,33,,0.4
22298,2019,2019-04-02T00:00:00,26,1,33,,0.4
22299,2019,2019-04-02T00:00:00,27,1,33,,0.4
22300,2019,2019-04-02T00:00:00,28,1,33,,0.4
22301,2019,2019-04-02T00:00:00,29,1,33,,0.4
22302,2019,2019-04-02T00:00:00,30,1,33,,0.4
22303,2019,2019-04-02T00:00:00,31,1,33,,0.4
22304,2019,2019-04-02T00:00:00,32,1,33,,0.4
22305,2019,2019-04-02T00:00:00,33,1,33,,0.4
22306,2019,2019-04-02T00:00:00,34,1,33,,0.4
22307,2019,2019-04-02T00:00:00,35,1,33,,0.4
22308,2019,2019-04-02T00:00:00,36,1,33,,0.4
22309,2019,2019-04-02T00:00:00,37,1,33,,0.4
22310,2019,2019-04-02T00:00:00,38,1,33,,0.4
22311,2019,2019-04-02T00:00:00,39,1,33,,0.4
22312,2019,2019-04-02T00:00:00,40,1,33,,0.4
22313,2019,2019-04-02T00:00:00,41,1,33,,0.4
22314,2019,2019-04-02T00:00:00,42,1,33,,0.4
22315,2019,2019-04-02T00:00:00,43,1,33,,0.4
22316,2019,2019-04-02T00:00:00,44,1,33,,0.4
22317,2019,2019-04-02T00:00:00,45,1,33,,0.4
22318,2019,2019-04-02T00:00:00,46,1,33,,0.4
22319,2019,2019-04-02T00:00:00,47,1,33,,0.4
22320,2019,2019-04-02T00:00:00,48,1,33,,0.4
22321,2019,2019-04-02T00:00:00,49,1,33,,0.4
22322,2019,2019-04-02T00:00:00,50,1,33,,0.4
22323,2019,2019-04-02T00:00:00,51,1,33,,0.4
22324,2019,2019-04-02T00:00:00,52,1,33,,0.4
22325,2019,2019-04-02T00:00:00,53,1,33,,0.4
22326,2019,2019-04-02T00:00:00,54,1,33,,0.4
22327,2019,2019-04-02T00:00:00,55,1,33,,0.4
22328,2019,2019-04-02T00:00:00,56,1,33,,0.4
22329,2019,2019-04-02T00:00:00,57,1,33,,0.4
22330,2019,2019-04-02T00:00:00,58,1,33,,0.4
22331,2019,2019-04-02T00:00:00,59,1,33,,0.4
22332,2019,2019-04-02T00:00:00,60,1,33,,0.4
22333,2019,2019-04-02T00:00:00,61,1,33,,0.4
22334,2019,2019-04-02T00:00:00,62,1,33,,0.4
22335,2019,2019-04-02T00:00:00,63,1,33,,0.4
22336,2019,2019-04-02T00:00:00,64,1,33,,0.4
22337,2019,2019-05-07T00:00:00,1,7,68,,0.4
22338,2019,2019-05-07T00:00:00,2,7,68,,0.4
22339,2019,2019-05-07T00:00:00,3,7,68,,0.4
22340,2019,2019-05-07T00:00:00,4,7,68,,0.4
22341,2019,2019-05-07T00:00:00,5,7,68,,0.4
22342,2019,2019-05-07T00:00:00,6,7,68,,0.4
22343,2019,2019-05-07T00:00:00,7,7,68,,0.4
22344,2019,2019-05-07T00:00:00,8,7,68,,0.4
22345,2019,2019-05-07T00:00:00,9,7,68,,0.4
22346,2019,2019-05-07T00:00:00,10,7,68,,0.4
22347,2019,2019-05-07T00:00:00,11,7,68,,0.4
22348,2019,2019-05-07T00:00:00,12,7,68,,0.4
22349,2019,2019-05-07T00:00:00,13,7,68,,0.4
22350,2019,2019-05-07T00:00:00,14,7,68,,0.4
22351,2019,2019-05-07T00:00:00,15,7,68,,0.4
22352,2019,2019-05-07T00:00:00,16,7,68,,0.4
22353,2019,2019-05-07T00:00:00,17,7,68,,0.4
22354,2019,2019-05-07T00:00:00,18,7,68,,0.4
22355,2019,2019-05-07T00:00:00,19,7,68,,0.4
22356,2019,2019-05-07T00:00:00,20,7,68,,0.4
22357,2019,2019-05-07T00:00:00,21,7,68,,0.4
22358,2019,2019-05-07T00:00:00,22,7,68,,0.4
22359,2019,2019-05-07T00:00:00,23,7,68,,0.4
22360,2019,2019-05-07T00:00:00,24,7,68,,0.4
22361,2019,2019-05-07T00:00:00,25,7,68,,0.4
22362,2019,2019-05-07T00:00:00,26,7,68,,0.4
22363,2019,2019-05-07T00:00:00,27,7,68,,0.4
22364,2019,2019-05-07T00:00:00,28,7,68,,0.4
22365,2019,2019-05-07T00:00:00,29,7,68,,0.4
22366,2019,2019-05-07T00:00:00,30,7,68,,0.4
22367,2019,2019-05-07T00:00:00,31,7,68,,0.4
22368,2019,2019-05-07T00:00:00,32,7,68,,0.4
22369,2019,2019-05-07T00:00:00,33,7,68,,0.4
22370,2019,2019-05-07T00:00:00,34,7,68,,0.4
22371,2019,2019-05-07T00:00:00,35,7,68,,0.4
22372,2019,2019-05-07T00:00:00,36,7,68,,0.4
22373,2019,2019-05-07T00:00:00,37,7,68,,0.4
22374,2019,2019-05-07T00:00:00,38,7,68,,0.4
22375,2019,2019-05-07T00:00:00,39,7,68,,0.4
22376,2019,2019-05-07T00:00:00,40,7,68,,0.4
22377,2019,2019-05-07T00:00:00,41,7,68,,0.4
22378,2019,2019-05-07T00:00:00,42,7,68,,0.4
22379,2019,2019-05-07T00:00:00,43,7,68,,0.4
22380,2019,2019-05-07T00:00:00,44,7,68,,0.4
22381,2019,2019-05-07T00:00:00,45,7,68,,0.4
22382,2019,2019-05-07T00:00:00,46,7,68,,0.4
22383,2019,2019-05-07T00:00:00,47,7,68,,0.4
22384,2019,2019-05-07T00:00:00,48,7,68,,0.4
22385,2019,2019-05-07T00:00:00,49,7,68,,0.4
22386,2019,2019-05-07T00:00:00,50,7,68,,0.4
22387,2019,2019-05-07T00:00:00,51,7,68,,0.4
22388,2019,2019-05-07T00:00:00,52,7,68,,0.4
22389,2019,2019-05-07T00:00:00,53,7,68,,0.4
22390,2019,2019-05-07T00:00:00,54,7,68,,0.4
22391,2019,2019-05-07T00:00:00,55,7,68,,0.4
22392,2019,2019-05-07T00:00:00,56,7,68,,0.4
22393,2019,2019-05-07T00:00:00,57,7,68,,0.4
22394,2019,2019-05-07T00:00:00,58,7,68,,0.4
22395,2019,2019-05-07T00:00:00,59,7,68,,0.4
22396,2019,2019-05-07T00:00:00,60,7,68,,0.4
22397,2019,2019-05-07T00:00:00,61,7,68,,0.4
22398,2019,2019-05-07T00:00:00,62,7,68,,0.4
22399,2019,2019-05-07T00:00:00,63,7,68,,0.4
22400,2019,2019-05-07T00:00:00,64,7,68,,0.4
22401,2020,2020-04-28T00:00:00,1,8,76,,0.2
22402,2020,2020-04-28T00:00:00,2,8,76,,0.2
22403,2020,2020-04-28T00:00:00,3,8,76,,0.2
22404,2020,2020-04-28T00:00:00,4,8,76,,0.2
22405,2020,2020-04-28T00:00:00,5,8,76,,0.2
22406,2020,2020-04-28T00:00:00,6,8,76,,0.2
22407,2020,2020-04-28T00:00:00,7,8,76,,0.2
22408,2020,2020-04-28T00:00:00,8,8,76,,0.2
22409,2020,2020-04-28T00:00:00,9,8,76,,0.2
22410,2020,2020-04-28T00:00:00,10,8,76,,0.2
22411,2020,2020-04-28T00:00:00,11,8,76,,0.2
22412,2020,2020-04-28T00:00:00,12,8,76,,0.2
22413,2020,2020-04-28T00:00:00,13,8,76,,0.2
22414,2020,2020-04-28T00:00:00,14,8,76,,0.2
22415,2020,2020-04-28T00:00:00,15,8,76,,0.2
22416,2020,2020-04-28T00:00:00,16,8,76,,0.2
22417,2020,2020-04-28T00:00:00,17,8,76,,0.2
22418,2020,2020-04-28T00:00:00,18,8,76,,0.2
22419,2020,2020-04-28T00:00:00,19,8,76,,0.2
22420,2020,2020-04-28T00:00:00,20,8,76,,0.2
22421,2020,2020-04-28T00:00:00,21,8,76,,0.2
22422,2020,2020-04-28T00:00:00,22,8,76,,0.2
22423,2020,2020-04-28T00:00:00,23,8,76,,0.2
22424,2020,2020-04-28T00:00:00,24,8,76,,0.2
22425,2020,2020-04-28T00:00:00,25,8,76,,0.2
22426,2020,2020-04-28T00:00:00,26,8,76,,0.2
22427,2020,2020-04-28T00:00:00,27,8,76,,0.2
22428,2020,2020-04-28T00:00:00,28,8,76,,0.2
22429,2020,2020-04-28T00:00:00,29,8,76,,0.2
22430,2020,2020-04-28T00:00:00,30,8,76,,0.2
22431,2020,2020-04-28T00:00:00,31,8,76,,0.2
22432,2020,2020-04-28T00:00:00,32,8,76,,0.2
22433,2020,2020-04-28T00:00:00,33,8,76,,0.2
22434,2020,2020-04-28T00:00:00,34,8,76,,0.2
22435,2020,2020-04-28T00:00:00,35,8,76,,0.2
22436,2020,2020-04-28T00:00:00,36,8,76,,0.2
22437,2020,2020-04-28T00:00:00,37,8,76,,0.2
22438,2020,2020-04-28T00:00:00,38,8,76,,0.2
22439,2020,2020-04-28T00:00:00,39,8,76,,0.2
22440,2020,2020-04-28T00:00:00,40,8,76,,0.2
22441,2020,2020-04-28T00:00:00,41,8,76,,0.2
22442,2020,2020-04-28T00:00:00,42,8,76,,0.2
22443,2020,2020-04-28T00:00:00,43,8,76,,0.2
22444,2020,2020-04-28T00:00:00,44,8,76,,0.2
22445,2020,2020-04-28T00:00:00,45,8,76,,0.2
22446,2020,2020-04-28T00:00:00,46,8,76,,0.2
22447,2020,2020-04-28T00:00:00,47,8,76,,0.2
22448,2020,2020-04-28T00:00:00,48,8,76,,0.2
22449,2020,2020-04-28T00:00:00,49,8,76,,0.2
22450,2020,2020-04-28T00:00:00,50,8,76,,0.2
22451,2020,2020-04-28T00:00:00,51,8,76,,0.2
22452,2020,2020-04-28T00:00:00,52,8,76,,0.2
22453,2020,2020-04-28T00:00:00,53,8,76,,0.2
22454,2020,2020-04-28T00:00:00,54,8,76,,0.2
22455,2020,2020-04-28T00:00:00,55,8,76,,0.2
22456,2020,2020-04-28T00:00:00,56,8,76,,0.2
22457,2020,2020-04-28T00:00:00,57,8,76,,0.2
22458,2020,2020-04-28T00:00:00,58,8,76,,0.2
22459,2020,2020-04-28T00:00:00,59,8,76,,0.2
22460,2020,2020-04-28T00:00:00,60,8,76,,0.2
22461,2020,2020-04-28T00:00:00,61,8,76,,0.2
22462,2020,2020-04-28T00:00:00,62,8,76,,0.2
22463,2020,2020-04-28T00:00:00,63,8,76,,0.2
22464,2020,2020-04-28T00:00:00,64,8,76,,0.2
22465,2020,2020-04-28T00:00:00,1,8,33,,0.5
22466,2020,2020-04-28T00:00:00,2,8,33,,0.5
22467,2020,2020-04-28T00:00:00,3,8,33,,0.5
22468,2020,2020-04-28T00:00:00,4,8,33,,0.5
22469,2020,2020-04-28T00:00:00,5,8,33,,0.5
22470,2020,2020-04-28T00:00:00,6,8,33,,0.5
22471,2020,2020-04-28T00:00:00,7,8,33,,0.5
22472,2020,2020-04-28T00:00:00,8,8,33,,0.5
22473,2020,2020-04-28T00:00:00,9,8,33,,0.5
22474,2020,2020-04-28T00:00:00,10,8,33,,0.5
22475,2020,2020-04-28T00:00:00,11,8,33,,0.5
22476,2020,2020-04-28T00:00:00,12,8,33,,0.5
22477,2020,2020-04-28T00:00:00,13,8,33,,0.5
22478,2020,2020-04-28T00:00:00,14,8,33,,0.5
22479,2020,2020-04-28T00:00:00,15,8,33,,0.5
22480,2020,2020-04-28T00:00:00,16,8,33,,0.5
22481,2020,2020-04-28T00:00:00,17,8,33,,0.5
22482,2020,2020-04-28T00:00:00,18,8,33,,0.5
22483,2020,2020-04-28T00:00:00,19,8,33,,0.5
22484,2020,2020-04-28T00:00:00,20,8,33,,0.5
22485,2020,2020-04-28T00:00:00,21,8,33,,0.5
22486,2020,2020-04-28T00:00:00,22,8,33,,0.5
22487,2020,2020-04-28T00:00:00,23,8,33,,0.5
22488,2020,2020-04-28T00:00:00,24,8,33,,0.5
22489,2020,2020-04-28T00:00:00,25,8,33,,0.5
22490,2020,2020-04-28T00:00:00,26,8,33,,0.5
22491,2020,2020-04-28T00:00:00,27,8,33,,0.5
22492,2020,2020-04-28T00:00:00,28,8,33,,0.5
22493,2020,2020-04-28T00:00:00,29,8,33,,0.5
22494,2020,2020-04-28T00:00:00,30,8,33,,0.5
22495,2020,2020-04-28T00:00:00,31,8,33,,0.5
22496,2020,2020-04-28T00:00:00,32,8,33,,0.5
22497,2020,2020-04-28T00:00:00,33,8,33,,0.5
22498,2020,2020-04-28T00:00:00,34,8,33,,0.5
22499,2020,2020-04-28T00:00:00,35,8,33,,0.5
22500,2020,2020-04-28T00:00:00,36,8,33,,0.5
22501,2020,2020-04-28T00:00:00,37,8,33,,0.5
22502,2020,2020-04-28T00:00:00,38,8,33,,0.5
22503,2020,2020-04-28T00:00:00,39,8,33,,0.5
22504,2020,2020-04-28T00:00:00,40,8,33,,0.5
22505,2020,2020-04-28T00:00:00,41,8,33,,0.5
22506,2020,2020-04-28T00:00:00,42,8,33,,0.5
22507,2020,2020-04-28T00:00:00,43,8,33,,0.5
22508,2020,2020-04-28T00:00:00,44,8,33,,0.5
22509,2020,2020-04-28T00:00:00,45,8,33,,0.5
22510,2020,2020-04-28T00:00:00,46,8,33,,0.5
22511,2020,2020-04-28T00:00:00,47,8,33,,0.5
22512,2020,2020-04-28T00:00:00,48,8,33,,0.5
22513,2020,2020-04-28T00:00:00,49,8,33,,0.5
22514,2020,2020-04-28T00:00:00,50,8,33,,0.5
22515,2020,2020-04-28T00:00:00,51,8,33,,0.5
22516,2020,2020-04-28T00:00:00,52,8,33,,0.5
22517,2020,2020-04-28T00:00:00,53,8,33,,0.5
22518,2020,2020-04-28T00:00:00,54,8,33,,0.5
22519,2020,2020-04-28T00:00:00,55,8,33,,0.5
22520,2020,2020-04-28T00:00:00,56,8,33,,0.5
22521,2020,2020-04-28T00:00:00,57,8,33,,0.5
22522,2020,2020-04-28T00:00:00,58,8,33,,0.5
22523,2020,2020-04-28T00:00:00,59,8,33,,0.5
22524,2020,2020-04-28T00:00:00,60,8,33,,0.5
22525,2020,2020-04-28T00:00:00,61,8,33,,0.5
22526,2020,2020-04-28T00:00:00,62,8,33,,0.5
22527,2020,2020-04-28T00:00:00,63,8,33,,0.5
22528,2020,2020-04-28T00:00:00,64,8,33,,0.5
22529,2020,2020-04-28T00:00:00,1,8,12,,1
22530,2020,2020-04-28T00:00:00,2,8,12,,1
22531,2020,2020-04-28T00:00:00,3,8,12,,1
22532,2020,2020-04-28T00:00:00,4,8,12,,1
22533,2020,2020-04-28T00:00:00,5,8,12,,1
22534,2020,2020-04-28T00:00:00,6,8,12,,1
22535,2020,2020-04-28T00:00:00,7,8,12,,1
22536,2020,2020-04-28T00:00:00,8,8,12,,1
22537,2020,2020-04-28T00:00:00,9,8,12,,1
22538,2020,2020-04-28T00:00:00,10,8,12,,1
22539,2020,2020-04-28T00:00:00,11,8,12,,1
22540,2020,2020-04-28T00:00:00,12,8,12,,1
22541,2020,2020-04-28T00:00:00,13,8,12,,1
22542,2020,2020-04-28T00:00:00,14,8,12,,1
22543,2020,2020-04-28T00:00:00,15,8,12,,1
22544,2020,2020-04-28T00:00:00,16,8,12,,1
22545,2020,2020-04-28T00:00:00,17,8,12,,1
22546,2020,2020-04-28T00:00:00,18,8,12,,1
22547,2020,2020-04-28T00:00:00,19,8,12,,1
22548,2020,2020-04-28T00:00:00,20,8,12,,1
22549,2020,2020-04-28T00:00:00,21,8,12,,1
22550,2020,2020-04-28T00:00:00,22,8,12,,1
22551,2020,2020-04-28T00:00:00,23,8,12,,1
22552,2020,2020-04-28T00:00:00,24,8,12,,1
22553,2020,2020-04-28T00:00:00,25,8,12,,1
22554,2020,2020-04-28T00:00:00,26,8,12,,1
22555,2020,2020-04-28T00:00:00,27,8,12,,1
22556,2020,2020-04-28T00:00:00,28,8,12,,1
22557,2020,2020-04-28T00:00:00,29,8,12,,1
22558,2020,2020-04-28T00:00:00,30,8,12,,1
22559,2020,2020-04-28T00:00:00,31,8,12,,1
22560,2020,2020-04-28T00:00:00,32,8,12,,1
22561,2020,2020-04-28T00:00:00,33,8,12,,1
22562,2020,2020-04-28T00:00:00,34,8,12,,1
22563,2020,2020-04-28T00:00:00,35,8,12,,1
22564,2020,2020-04-28T00:00:00,36,8,12,,1
22565,2020,2020-04-28T00:00:00,37,8,12,,1
22566,2020,2020-04-28T00:00:00,38,8,12,,1
22567,2020,2020-04-28T00:00:00,39,8,12,,1
22568,2020,2020-04-28T00:00:00,40,8,12,,1
22569,2020,2020-04-28T00:00:00,41,8,12,,1
22570,2020,2020-04-28T00:00:00,42,8,12,,1
22571,2020,2020-04-28T00:00:00,43,8,12,,1
22572,2020,2020-04-28T00:00:00,44,8,12,,1
22573,2020,2020-04-28T00:00:00,45,8,12,,1
22574,2020,2020-04-28T00:00:00,46,8,12,,1
22575,2020,2020-04-28T00:00:00,47,8,12,,1
22576,2020,2020-04-28T00:00:00,48,8,12,,1
22577,2020,2020-04-28T00:00:00,49,8,12,,1
22578,2020,2020-04-28T00:00:00,50,8,12,,1
22579,2020,2020-04-28T00:00:00,51,8,12,,1
22580,2020,2020-04-28T00:00:00,52,8,12,,1
22581,2020,2020-04-28T00:00:00,53,8,12,,1
22582,2020,2020-04-28T00:00:00,54,8,12,,1
22583,2020,2020-04-28T00:00:00,55,8,12,,1
22584,2020,2020-04-28T00:00:00,56,8,12,,1
22585,2020,2020-04-28T00:00:00,57,8,12,,1
22586,2020,2020-04-28T00:00:00,58,8,12,,1
22587,2020,2020-04-28T00:00:00,59,8,12,,1
22588,2020,2020-04-28T00:00:00,60,8,12,,1
22589,2020,2020-04-28T00:00:00,61,8,12,,1
22590,2020,2020-04-28T00:00:00,62,8,12,,1
22591,2020,2020-04-28T00:00:00,63,8,12,,1
22592,2020,2020-04-28T00:00:00,64,8,12,,1
22593,2020,2020-05-29T00:00:00,1,8,50,,1.2
22594,2020,2020-05-29T00:00:00,2,8,50,,1.2
22595,2020,2020-05-29T00:00:00,3,8,50,,1.2
22596,2020,2020-05-29T00:00:00,4,8,50,,1.2
22597,2020,2020-05-29T00:00:00,5,8,50,,1.2
22598,2020,2020-05-29T00:00:00,6,8,50,,1.2
22599,2020,2020-05-29T00:00:00,7,8,50,,1.2
22600,2020,2020-05-29T00:00:00,8,8,50,,1.2
22601,2020,2020-05-29T00:00:00,9,8,50,,1.2
22602,2020,2020-05-29T00:00:00,10,8,50,,1.2
22603,2020,2020-05-29T00:00:00,11,8,50,,1.2
22604,2020,2020-05-29T00:00:00,12,8,50,,1.2
22605,2020,2020-05-29T00:00:00,13,8,50,,1.2
22606,2020,2020-05-29T00:00:00,14,8,50,,1.2
22607,2020,2020-05-29T00:00:00,15,8,50,,1.2
22608,2020,2020-05-29T00:00:00,16,8,50,,1.2
22609,2020,2020-05-29T00:00:00,17,8,50,,1.2
22610,2020,2020-05-29T00:00:00,18,8,50,,1.2
22611,2020,2020-05-29T00:00:00,19,8,50,,1.2
22612,2020,2020-05-29T00:00:00,20,8,50,,1.2
22613,2020,2020-05-29T00:00:00,21,8,50,,1.2
22614,2020,2020-05-29T00:00:00,22,8,50,,1.2
22615,2020,2020-05-29T00:00:00,23,8,50,,1.2
22616,2020,2020-05-29T00:00:00,24,8,50,,1.2
22617,2020,2020-05-29T00:00:00,25,8,50,,1.2
22618,2020,2020-05-29T00:00:00,26,8,50,,1.2
22619,2020,2020-05-29T00:00:00,27,8,50,,1.2
22620,2020,2020-05-29T00:00:00,28,8,50,,1.2
22621,2020,2020-05-29T00:00:00,29,8,50,,1.2
22622,2020,2020-05-29T00:00:00,30,8,50,,1.2
22623,2020,2020-05-29T00:00:00,31,8,50,,1.2
22624,2020,2020-05-29T00:00:00,32,8,50,,1.2
22625,2020,2020-05-29T00:00:00,33,8,50,,1.2
22626,2020,2020-05-29T00:00:00,34,8,50,,1.2
22627,2020,2020-05-29T00:00:00,35,8,50,,1.2
22628,2020,2020-05-29T00:00:00,36,8,50,,1.2
22629,2020,2020-05-29T00:00:00,37,8,50,,1.2
22630,2020,2020-05-29T00:00:00,38,8,50,,1.2
22631,2020,2020-05-29T00:00:00,39,8,50,,1.2
22632,2020,2020-05-29T00:00:00,40,8,50,,1.2
22633,2020,2020-05-29T00:00:00,41,8,50,,1.2
22634,2020,2020-05-29T00:00:00,42,8,50,,1.2
22635,2020,2020-05-29T00:00:00,43,8,50,,1.2
22636,2020,2020-05-29T00:00:00,44,8,50,,1.2
22637,2020,2020-05-29T00:00:00,45,8,50,,1.2
22638,2020,2020-05-29T00:00:00,46,8,50,,1.2
22639,2020,2020-05-29T00:00:00,47,8,50,,1.2
22640,2020,2020-05-29T00:00:00,48,8,50,,1.2
22641,2020,2020-05-29T00:00:00,49,8,50,,1.2
22642,2020,2020-05-29T00:00:00,50,8,50,,1.2
22643,2020,2020-05-29T00:00:00,51,8,50,,1.2
22644,2020,2020-05-29T00:00:00,52,8,50,,1.2
22645,2020,2020-05-29T00:00:00,53,8,50,,1.2
22646,2020,2020-05-29T00:00:00,54,8,50,,1.2
22647,2020,2020-05-29T00:00:00,55,8,50,,1.2
22648,2020,2020-05-29T00:00:00,56,8,50,,1.2
22649,2020,2020-05-29T00:00:00,57,8,50,,1.2
22650,2020,2020-05-29T00:00:00,58,8,50,,1.2
22651,2020,2020-05-29T00:00:00,59,8,50,,1.2
22652,2020,2020-05-29T00:00:00,60,8,50,,1.2
22653,2020,2020-05-29T00:00:00,61,8,50,,1.2
22654,2020,2020-05-29T00:00:00,62,8,50,,1.2
22655,2020,2020-05-29T00:00:00,63,8,50,,1.2
22656,2020,2020-05-29T00:00:00,64,8,50,,1.2
22657,2020,2020-05-29T00:00:00,1,8,12,,1
22658,2020,2020-05-29T00:00:00,2,8,12,,1
22659,2020,2020-05-29T00:00:00,3,8,12,,1
22660,2020,2020-05-29T00:00:00,4,8,12,,1
22661,2020,2020-05-29T00:00:00,5,8,12,,1
22662,2020,2020-05-29T00:00:00,6,8,12,,1
22663,2020,2020-05-29T00:00:00,7,8,12,,1
22664,2020,2020-05-29T00:00:00,8,8,12,,1
22665,2020,2020-05-29T00:00:00,9,8,12,,1
22666,2020,2020-05-29T00:00:00,10,8,12,,1
22667,2020,2020-05-29T00:00:00,11,8,12,,1
22668,2020,2020-05-29T00:00:00,12,8,12,,1
22669,2020,2020-05-29T00:00:00,13,8,12,,1
22670,2020,2020-05-29T00:00:00,14,8,12,,1
22671,2020,2020-05-29T00:00:00,15,8,12,,1
22672,2020,2020-05-29T00:00:00,16,8,12,,1
22673,2020,2020-05-29T00:00:00,17,8,12,,1
22674,2020,2020-05-29T00:00:00,18,8,12,,1
22675,2020,2020-05-29T00:00:00,19,8,12,,1
22676,2020,2020-05-29T00:00:00,20,8,12,,1
22677,2020,2020-05-29T00:00:00,21,8,12,,1
22678,2020,2020-05-29T00:00:00,22,8,12,,1
22679,2020,2020-05-29T00:00:00,23,8,12,,1
22680,2020,2020-05-29T00:00:00,24,8,12,,1
22681,2020,2020-05-29T00:00:00,25,8,12,,1
22682,2020,2020-05-29T00:00:00,26,8,12,,1
22683,2020,2020-05-29T00:00:00,27,8,12,,1
22684,2020,2020-05-29T00:00:00,28,8,12,,1
22685,2020,2020-05-29T00:00:00,29,8,12,,1
22686,2020,2020-05-29T00:00:00,30,8,12,,1
22687,2020,2020-05-29T00:00:00,31,8,12,,1
22688,2020,2020-05-29T00:00:00,32,8,12,,1
22689,2020,2020-05-29T00:00:00,33,8,12,,1
22690,2020,2020-05-29T00:00:00,34,8,12,,1
22691,2020,2020-05-29T00:00:00,35,8,12,,1
22692,2020,2020-05-29T00:00:00,36,8,12,,1
22693,2020,2020-05-29T00:00:00,37,8,12,,1
22694,2020,2020-05-29T00:00:00,38,8,12,,1
22695,2020,2020-05-29T00:00:00,39,8,12,,1
22696,2020,2020-05-29T00:00:00,40,8,12,,1
22697,2020,2020-05-29T00:00:00,41,8,12,,1
22698,2020,2020-05-29T00:00:00,42,8,12,,1
22699,2020,2020-05-29T00:00:00,43,8,12,,1
22700,2020,2020-05-29T00:00:00,44,8,12,,1
22701,2020,2020-05-29T00:00:00,45,8,12,,1
22702,2020,2020-05-29T00:00:00,46,8,12,,1
22703,2020,2020-05-29T00:00:00,47,8,12,,1
22704,2020,2020-05-29T00:00:00,48,8,12,,1
22705,2020,2020-05-29T00:00:00,49,8,12,,1
22706,2020,2020-05-29T00:00:00,50,8,12,,1
22707,2020,2020-05-29T00:00:00,51,8,12,,1
22708,2020,2020-05-29T00:00:00,52,8,12,,1
22709,2020,2020-05-29T00:00:00,53,8,12,,1
22710,2020,2020-05-29T00:00:00,54,8,12,,1
22711,2020,2020-05-29T00:00:00,55,8,12,,1
22712,2020,2020-05-29T00:00:00,56,8,12,,1
22713,2020,2020-05-29T00:00:00,57,8,12,,1
22714,2020,2020-05-29T00:00:00,58,8,12,,1
22715,2020,2020-05-29T00:00:00,59,8,12,,1
22716,2020,2020-05-29T00:00:00,60,8,12,,1
22717,2020,2020-05-29T00:00:00,61,8,12,,1
22718,2020,2020-05-29T00:00:00,62,8,12,,1
22719,2020,2020-05-29T00:00:00,63,8,12,,1
22720,2020,2020-05-29T00:00:00,64,8,12,,1
22721,2020,2020-06-24T00:00:00,1,8,61,,1.25
22722,2020,2020-06-24T00:00:00,2,8,61,,1.25
22723,2020,2020-06-24T00:00:00,3,8,61,,1.25
22724,2020,2020-06-24T00:00:00,4,8,61,,1.25
22725,2020,2020-06-24T00:00:00,5,8,61,,1.25
22726,2020,2020-06-24T00:00:00,6,8,61,,1.25
22727,2020,2020-06-24T00:00:00,7,8,61,,1.25
22728,2020,2020-06-24T00:00:00,8,8,61,,1.25
22729,2020,2020-06-24T00:00:00,9,8,61,,1.25
22730,2020,2020-06-24T00:00:00,10,8,61,,1.25
22731,2020,2020-06-24T00:00:00,11,8,61,,1.25
22732,2020,2020-06-24T00:00:00,12,8,61,,1.25
22733,2020,2020-06-24T00:00:00,13,8,61,,1.25
22734,2020,2020-06-24T00:00:00,14,8,61,,1.25
22735,2020,2020-06-24T00:00:00,15,8,61,,1.25
22736,2020,2020-06-24T00:00:00,16,8,61,,1.25
22737,2020,2020-06-24T00:00:00,17,8,61,,1.25
22738,2020,2020-06-24T00:00:00,18,8,61,,1.25
22739,2020,2020-06-24T00:00:00,19,8,61,,1.25
22740,2020,2020-06-24T00:00:00,20,8,61,,1.25
22741,2020,2020-06-24T00:00:00,21,8,61,,1.25
22742,2020,2020-06-24T00:00:00,22,8,61,,1.25
22743,2020,2020-06-24T00:00:00,23,8,61,,1.25
22744,2020,2020-06-24T00:00:00,24,8,61,,1.25
22745,2020,2020-06-24T00:00:00,25,8,61,,1.25
22746,2020,2020-06-24T00:00:00,26,8,61,,1.25
22747,2020,2020-06-24T00:00:00,27,8,61,,1.25
22748,2020,2020-06-24T00:00:00,28,8,61,,1.25
22749,2020,2020-06-24T00:00:00,29,8,61,,1.25
22750,2020,2020-06-24T00:00:00,30,8,61,,1.25
22751,2020,2020-06-24T00:00:00,31,8,61,,1.25
22752,2020,2020-06-24T00:00:00,32,8,61,,1.25
22753,2020,2020-06-24T00:00:00,33,8,61,,1.25
22754,2020,2020-06-24T00:00:00,34,8,61,,1.25
22755,2020,2020-06-24T00:00:00,35,8,61,,1.25
22756,2020,2020-06-24T00:00:00,36,8,61,,1.25
22757,2020,2020-06-24T00:00:00,37,8,61,,1.25
22758,2020,2020-06-24T00:00:00,38,8,61,,1.25
22759,2020,2020-06-24T00:00:00,39,8,61,,1.25
22760,2020,2020-06-24T00:00:00,40,8,61,,1.25
22761,2020,2020-06-24T00:00:00,41,8,61,,1.25
22762,2020,2020-06-24T00:00:00,42,8,61,,1.25
22763,2020,2020-06-24T00:00:00,43,8,61,,1.25
22764,2020,2020-06-24T00:00:00,44,8,61,,1.25
22765,2020,2020-06-24T00:00:00,45,8,61,,1.25
22766,2020,2020-06-24T00:00:00,46,8,61,,1.25
22767,2020,2020-06-24T00:00:00,47,8,61,,1.25
22768,2020,2020-06-24T00:00:00,48,8,61,,1.25
22769,2020,2020-06-24T00:00:00,49,8,61,,1.25
22770,2020,2020-06-24T00:00:00,50,8,61,,1.25
22771,2020,2020-06-24T00:00:00,51,8,61,,1.25
22772,2020,2020-06-24T00:00:00,52,8,61,,1.25
22773,2020,2020-06-24T00:00:00,53,8,61,,1.25
22774,2020,2020-06-24T00:00:00,54,8,61,,1.25
22775,2020,2020-06-24T00:00:00,55,8,61,,1.25
22776,2020,2020-06-24T00:00:00,56,8,61,,1.25
22777,2020,2020-06-24T00:00:00,57,8,61,,1.25
22778,2020,2020-06-24T00:00:00,58,8,61,,1.25
22779,2020,2020-06-24T00:00:00,59,8,61,,1.25
22780,2020,2020-06-24T00:00:00,60,8,61,,1.25
22781,2020,2020-06-24T00:00:00,61,8,61,,1.25
22782,2020,2020-06-24T00:00:00,62,8,61,,1.25
22783,2020,2020-06-24T00:00:00,63,8,61,,1.25
22784,2020,2020-06-24T00:00:00,64,8,61,,1.25
22785,2020,2020-06-24T00:00:00,1,8,96,,0.2
22786,2020,2020-06-24T00:00:00,2,8,96,,0.2
22787,2020,2020-06-24T00:00:00,3,8,96,,0.2
22788,2020,2020-06-24T00:00:00,4,8,96,,0.2
22789,2020,2020-06-24T00:00:00,5,8,96,,0.2
22790,2020,2020-06-24T00:00:00,6,8,96,,0.2
22791,2020,2020-06-24T00:00:00,7,8,96,,0.2
22792,2020,2020-06-24T00:00:00,8,8,96,,0.2
22793,2020,2020-06-24T00:00:00,9,8,96,,0.2
22794,2020,2020-06-24T00:00:00,10,8,96,,0.2
22795,2020,2020-06-24T00:00:00,11,8,96,,0.2
22796,2020,2020-06-24T00:00:00,12,8,96,,0.2
22797,2020,2020-06-24T00:00:00,13,8,96,,0.2
22798,2020,2020-06-24T00:00:00,14,8,96,,0.2
22799,2020,2020-06-24T00:00:00,15,8,96,,0.2
22800,2020,2020-06-24T00:00:00,16,8,96,,0.2
22801,2020,2020-06-24T00:00:00,17,8,96,,0.2
22802,2020,2020-06-24T00:00:00,18,8,96,,0.2
22803,2020,2020-06-24T00:00:00,19,8,96,,0.2
22804,2020,2020-06-24T00:00:00,20,8,96,,0.2
22805,2020,2020-06-24T00:00:00,21,8,96,,0.2
22806,2020,2020-06-24T00:00:00,22,8,96,,0.2
22807,2020,2020-06-24T00:00:00,23,8,96,,0.2
22808,2020,2020-06-24T00:00:00,24,8,96,,0.2
22809,2020,2020-06-24T00:00:00,25,8,96,,0.2
22810,2020,2020-06-24T00:00:00,26,8,96,,0.2
22811,2020,2020-06-24T00:00:00,27,8,96,,0.2
22812,2020,2020-06-24T00:00:00,28,8,96,,0.2
22813,2020,2020-06-24T00:00:00,29,8,96,,0.2
22814,2020,2020-06-24T00:00:00,30,8,96,,0.2
22815,2020,2020-06-24T00:00:00,31,8,96,,0.2
22816,2020,2020-06-24T00:00:00,32,8,96,,0.2
22817,2020,2020-06-24T00:00:00,33,8,96,,0.2
22818,2020,2020-06-24T00:00:00,34,8,96,,0.2
22819,2020,2020-06-24T00:00:00,35,8,96,,0.2
22820,2020,2020-06-24T00:00:00,36,8,96,,0.2
22821,2020,2020-06-24T00:00:00,37,8,96,,0.2
22822,2020,2020-06-24T00:00:00,38,8,96,,0.2
22823,2020,2020-06-24T00:00:00,39,8,96,,0.2
22824,2020,2020-06-24T00:00:00,40,8,96,,0.2
22825,2020,2020-06-24T00:00:00,41,8,96,,0.2
22826,2020,2020-06-24T00:00:00,42,8,96,,0.2
22827,2020,2020-06-24T00:00:00,43,8,96,,0.2
22828,2020,2020-06-24T00:00:00,44,8,96,,0.2
22829,2020,2020-06-24T00:00:00,45,8,96,,0.2
22830,2020,2020-06-24T00:00:00,46,8,96,,0.2
22831,2020,2020-06-24T00:00:00,47,8,96,,0.2
22832,2020,2020-06-24T00:00:00,48,8,96,,0.2
22833,2020,2020-06-24T00:00:00,49,8,96,,0.2
22834,2020,2020-06-24T00:00:00,50,8,96,,0.2
22835,2020,2020-06-24T00:00:00,51,8,96,,0.2
22836,2020,2020-06-24T00:00:00,52,8,96,,0.2
22837,2020,2020-06-24T00:00:00,53,8,96,,0.2
22838,2020,2020-06-24T00:00:00,54,8,96,,0.2
22839,2020,2020-06-24T00:00:00,55,8,96,,0.2
22840,2020,2020-06-24T00:00:00,56,8,96,,0.2
22841,2020,2020-06-24T00:00:00,57,8,96,,0.2
22842,2020,2020-06-24T00:00:00,58,8,96,,0.2
22843,2020,2020-06-24T00:00:00,59,8,96,,0.2
22844,2020,2020-06-24T00:00:00,60,8,96,,0.2
22845,2020,2020-06-24T00:00:00,61,8,96,,0.2
22846,2020,2020-06-24T00:00:00,62,8,96,,0.2
22847,2020,2020-06-24T00:00:00,63,8,96,,0.2
22848,2020,2020-06-24T00:00:00,64,8,96,,0.2
22849,2021,2021-04-07T00:00:00,1,5,12,1.3,
22850,2021,2021-04-07T00:00:00,2,5,12,1.3,
22851,2021,2021-04-07T00:00:00,3,5,12,1.3,
22852,2021,2021-04-07T00:00:00,4,5,12,1.3,
22853,2021,2021-04-07T00:00:00,5,5,12,1.3,
22854,2021,2021-04-07T00:00:00,6,5,12,1.3,
22855,2021,2021-04-07T00:00:00,7,5,12,1.3,
22856,2021,2021-04-07T00:00:00,8,5,12,1.3,
22857,2021,2021-04-07T00:00:00,9,5,12,1.3,
22858,2021,2021-04-07T00:00:00,10,5,12,1.3,
22859,2021,2021-04-07T00:00:00,11,5,12,1.3,
22860,2021,2021-04-07T00:00:00,12,5,12,1.3,
22861,2021,2021-04-07T00:00:00,13,5,12,1.3,
22862,2021,2021-04-07T00:00:00,14,5,12,1.3,
22863,2021,2021-04-07T00:00:00,15,5,12,1.3,
22864,2021,2021-04-07T00:00:00,16,5,12,1.3,
22865,2021,2021-04-07T00:00:00,17,5,12,1.3,
22866,2021,2021-04-07T00:00:00,18,5,12,1.3,
22867,2021,2021-04-07T00:00:00,19,5,12,1.3,
22868,2021,2021-04-07T00:00:00,20,5,12,1.3,
22869,2021,2021-04-07T00:00:00,21,5,12,1.3,
22870,2021,2021-04-07T00:00:00,22,5,12,1.3,
22871,2021,2021-04-07T00:00:00,23,5,12,1.3,
22872,2021,2021-04-07T00:00:00,24,5,12,1.3,
22873,2021,2021-04-07T00:00:00,25,5,12,1.3,
22874,2021,2021-04-07T00:00:00,26,5,12,1.3,
22875,2021,2021-04-07T00:00:00,27,5,12,1.3,
22876,2021,2021-04-07T00:00:00,28,5,12,1.3,
22877,2021,2021-04-07T00:00:00,29,5,12,1.3,
22878,2021,2021-04-07T00:00:00,30,5,12,1.3,
22879,2021,2021-04-07T00:00:00,31,5,12,1.3,
22880,2021,2021-04-07T00:00:00,32,5,12,1.3,
22881,2021,2021-04-07T00:00:00,33,5,12,1.3,
22882,2021,2021-04-07T00:00:00,34,5,12,1.3,
22883,2021,2021-04-07T00:00:00,35,5,12,1.3,
22884,2021,2021-04-07T00:00:00,36,5,12,1.3,
22885,2021,2021-04-07T00:00:00,37,5,12,1.3,
22886,2021,2021-04-07T00:00:00,38,5,12,1.3,
22887,2021,2021-04-07T00:00:00,39,5,12,1.3,
22888,2021,2021-04-07T00:00:00,40,5,12,1.3,
22889,2021,2021-04-07T00:00:00,41,5,12,1.3,
22890,2021,2021-04-07T00:00:00,42,5,12,1.3,
22891,2021,2021-04-07T00:00:00,43,5,12,1.3,
22892,2021,2021-04-07T00:00:00,44,5,12,1.3,
22893,2021,2021-04-07T00:00:00,45,5,12,1.3,
22894,2021,2021-04-07T00:00:00,46,5,12,1.3,
22895,2021,2021-04-07T00:00:00,47,5,12,1.3,
22896,2021,2021-04-07T00:00:00,48,5,12,1.3,
22897,2021,2021-04-07T00:00:00,49,5,12,1.3,
22898,2021,2021-04-07T00:00:00,50,5,12,1.3,
22899,2021,2021-04-07T00:00:00,51,5,12,1.3,
22900,2021,2021-04-07T00:00:00,52,5,12,1.3,
22901,2021,2021-04-07T00:00:00,53,5,12,1.3,
22902,2021,2021-04-07T00:00:00,54,5,12,1.3,
22903,2021,2021-04-07T00:00:00,55,5,12,1.3,
22904,2021,2021-04-07T00:00:00,56,5,12,1.3,
22905,2021,2021-04-07T00:00:00,57,5,12,1.3,
22906,2021,2021-04-07T00:00:00,58,5,12,1.3,
22907,2021,2021-04-07T00:00:00,59,5,12,1.3,
22908,2021,2021-04-07T00:00:00,60,5,12,1.3,
22909,2021,2021-04-07T00:00:00,61,5,12,1.3,
22910,2021,2021-04-07T00:00:00,62,5,12,1.3,
22911,2021,2021-04-07T00:00:00,63,5,12,1.3,
22912,2021,2021-04-07T00:00:00,64,5,12,1.3,
22913,2021,2021-04-28T00:00:00,1,5,111,1,
22914,2021,2021-04-28T00:00:00,2,5,111,1,
22915,2021,2021-04-28T00:00:00,3,5,111,1,
22916,2021,2021-04-28T00:00:00,4,5,111,1,
22917,2021,2021-04-28T00:00:00,5,5,111,1,
22918,2021,2021-04-28T00:00:00,6,5,111,1,
22919,2021,2021-04-28T00:00:00,7,5,111,1,
22920,2021,2021-04-28T00:00:00,8,5,111,1,
22921,2021,2021-04-28T00:00:00,9,5,111,1,
22922,2021,2021-04-28T00:00:00,10,5,111,1,
22923,2021,2021-04-28T00:00:00,11,5,111,1,
22924,2021,2021-04-28T00:00:00,12,5,111,1,
22925,2021,2021-04-28T00:00:00,13,5,111,1,
22926,2021,2021-04-28T00:00:00,14,5,111,1,
22927,2021,2021-04-28T00:00:00,15,5,111,1,
22928,2021,2021-04-28T00:00:00,16,5,111,1,
22929,2021,2021-04-28T00:00:00,17,5,111,1,
22930,2021,2021-04-28T00:00:00,18,5,111,1,
22931,2021,2021-04-28T00:00:00,19,5,111,1,
22932,2021,2021-04-28T00:00:00,20,5,111,1,
22933,2021,2021-04-28T00:00:00,21,5,111,1,
22934,2021,2021-04-28T00:00:00,22,5,111,1,
22935,2021,2021-04-28T00:00:00,23,5,111,1,
22936,2021,2021-04-28T00:00:00,24,5,111,1,
22937,2021,2021-04-28T00:00:00,25,5,111,1,
22938,2021,2021-04-28T00:00:00,26,5,111,1,
22939,2021,2021-04-28T00:00:00,27,5,111,1,
22940,2021,2021-04-28T00:00:00,28,5,111,1,
22941,2021,2021-04-28T00:00:00,29,5,111,1,
22942,2021,2021-04-28T00:00:00,30,5,111,1,
22943,2021,2021-04-28T00:00:00,31,5,111,1,
22944,2021,2021-04-28T00:00:00,32,5,111,1,
22945,2021,2021-04-28T00:00:00,33,5,111,1,
22946,2021,2021-04-28T00:00:00,34,5,111,1,
22947,2021,2021-04-28T00:00:00,35,5,111,1,
22948,2021,2021-04-28T00:00:00,36,5,111,1,
22949,2021,2021-04-28T00:00:00,37,5,111,1,
22950,2021,2021-04-28T00:00:00,38,5,111,1,
22951,2021,2021-04-28T00:00:00,39,5,111,1,
22952,2021,2021-04-28T00:00:00,40,5,111,1,
22953,2021,2021-04-28T00:00:00,41,5,111,1,
22954,2021,2021-04-28T00:00:00,42,5,111,1,
22955,2021,2021-04-28T00:00:00,43,5,111,1,
22956,2021,2021-04-28T00:00:00,44,5,111,1,
22957,2021,2021-04-28T00:00:00,45,5,111,1,
22958,2021,2021-04-28T00:00:00,46,5,111,1,
22959,2021,2021-04-28T00:00:00,47,5,111,1,
22960,2021,2021-04-28T00:00:00,48,5,111,1,
22961,2021,2021-04-28T00:00:00,49,5,111,1,
22962,2021,2021-04-28T00:00:00,50,5,111,1,
22963,2021,2021-04-28T00:00:00,51,5,111,1,
22964,2021,2021-04-28T00:00:00,52,5,111,1,
22965,2021,2021-04-28T00:00:00,53,5,111,1,
22966,2021,2021-04-28T00:00:00,54,5,111,1,
22967,2021,2021-04-28T00:00:00,55,5,111,1,
22968,2021,2021-04-28T00:00:00,56,5,111,1,
22969,2021,2021-04-28T00:00:00,57,5,111,1,
22970,2021,2021-04-28T00:00:00,58,5,111,1,
22971,2021,2021-04-28T00:00:00,59,5,111,1,
22972,2021,2021-04-28T00:00:00,60,5,111,1,
22973,2021,2021-04-28T00:00:00,61,5,111,1,
22974,2021,2021-04-28T00:00:00,62,5,111,1,
22975,2021,2021-04-28T00:00:00,63,5,111,1,
22976,2021,2021-04-28T00:00:00,64,5,111,1,
22977,2021,2021-04-28T00:00:00,1,5,7,0.5,
22978,2021,2021-04-28T00:00:00,2,5,7,0.5,
22979,2021,2021-04-28T00:00:00,3,5,7,0.5,
22980,2021,2021-04-28T00:00:00,4,5,7,0.5,
22981,2021,2021-04-28T00:00:00,5,5,7,0.5,
22982,2021,2021-04-28T00:00:00,6,5,7,0.5,
22983,2021,2021-04-28T00:00:00,7,5,7,0.5,
22984,2021,2021-04-28T00:00:00,8,5,7,0.5,
22985,2021,2021-04-28T00:00:00,9,5,7,0.5,
22986,2021,2021-04-28T00:00:00,10,5,7,0.5,
22987,2021,2021-04-28T00:00:00,11,5,7,0.5,
22988,2021,2021-04-28T00:00:00,12,5,7,0.5,
22989,2021,2021-04-28T00:00:00,13,5,7,0.5,
22990,2021,2021-04-28T00:00:00,14,5,7,0.5,
22991,2021,2021-04-28T00:00:00,15,5,7,0.5,
22992,2021,2021-04-28T00:00:00,16,5,7,0.5,
22993,2021,2021-04-28T00:00:00,17,5,7,0.5,
22994,2021,2021-04-28T00:00:00,18,5,7,0.5,
22995,2021,2021-04-28T00:00:00,19,5,7,0.5,
22996,2021,2021-04-28T00:00:00,20,5,7,0.5,
22997,2021,2021-04-28T00:00:00,21,5,7,0.5,
22998,2021,2021-04-28T00:00:00,22,5,7,0.5,
22999,2021,2021-04-28T00:00:00,23,5,7,0.5,
23000,2021,2021-04-28T00:00:00,24,5,7,0.5,
23001,2021,2021-04-28T00:00:00,25,5,7,0.5,
23002,2021,2021-04-28T00:00:00,26,5,7,0.5,
23003,2021,2021-04-28T00:00:00,27,5,7,0.5,
23004,2021,2021-04-28T00:00:00,28,5,7,0.5,
23005,2021,2021-04-28T00:00:00,29,5,7,0.5,
23006,2021,2021-04-28T00:00:00,30,5,7,0.5,
23007,2021,2021-04-28T00:00:00,31,5,7,0.5,
23008,2021,2021-04-28T00:00:00,32,5,7,0.5,
23009,2021,2021-04-28T00:00:00,33,5,7,0.5,
23010,2021,2021-04-28T00:00:00,34,5,7,0.5,
23011,2021,2021-04-28T00:00:00,35,5,7,0.5,
23012,2021,2021-04-28T00:00:00,36,5,7,0.5,
23013,2021,2021-04-28T00:00:00,37,5,7,0.5,
23014,2021,2021-04-28T00:00:00,38,5,7,0.5,
23015,2021,2021-04-28T00:00:00,39,5,7,0.5,
23016,2021,2021-04-28T00:00:00,40,5,7,0.5,
23017,2021,2021-04-28T00:00:00,41,5,7,0.5,
23018,2021,2021-04-28T00:00:00,42,5,7,0.5,
23019,2021,2021-04-28T00:00:00,43,5,7,0.5,
23020,2021,2021-04-28T00:00:00,44,5,7,0.5,
23021,2021,2021-04-28T00:00:00,45,5,7,0.5,
23022,2021,2021-04-28T00:00:00,46,5,7,0.5,
23023,2021,2021-04-28T00:00:00,47,5,7,0.5,
23024,2021,2021-04-28T00:00:00,48,5,7,0.5,
23025,2021,2021-04-28T00:00:00,49,5,7,0.5,
23026,2021,2021-04-28T00:00:00,50,5,7,0.5,
23027,2021,2021-04-28T00:00:00,51,5,7,0.5,
23028,2021,2021-04-28T00:00:00,52,5,7,0.5,
23029,2021,2021-04-28T00:00:00,53,5,7,0.5,
23030,2021,2021-04-28T00:00:00,54,5,7,0.5,
23031,2021,2021-04-28T00:00:00,55,5,7,0.5,
23032,2021,2021-04-28T00:00:00,56,5,7,0.5,
23033,2021,2021-04-28T00:00:00,57,5,7,0.5,
23034,2021,2021-04-28T00:00:00,58,5,7,0.5,
23035,2021,2021-04-28T00:00:00,59,5,7,0.5,
23036,2021,2021-04-28T00:00:00,60,5,7,0.5,
23037,2021,2021-04-28T00:00:00,61,5,7,0.5,
23038,2021,2021-04-28T00:00:00,62,5,7,0.5,
23039,2021,2021-04-28T00:00:00,63,5,7,0.5,
23040,2021,2021-04-28T00:00:00,64,5,7,0.5,
23041,2022,2022-05-20T00:00:00,1,1,8,3.5,
23042,2022,2022-05-20T00:00:00,2,1,8,3.5,
23043,2022,2022-05-20T00:00:00,3,1,8,3.5,
23044,2022,2022-05-20T00:00:00,4,1,8,3.5,
23045,2022,2022-05-20T00:00:00,5,1,8,3.5,
23046,2022,2022-05-20T00:00:00,6,1,8,3.5,
23047,2022,2022-05-20T00:00:00,7,1,8,3.5,
23048,2022,2022-05-20T00:00:00,8,1,8,3.5,
23049,2022,2022-05-20T00:00:00,9,1,8,3.5,
23050,2022,2022-05-20T00:00:00,10,1,8,3.5,
23051,2022,2022-05-20T00:00:00,11,1,8,3.5,
23052,2022,2022-05-20T00:00:00,12,1,8,3.5,
23053,2022,2022-05-20T00:00:00,13,1,8,3.5,
23054,2022,2022-05-20T00:00:00,14,1,8,3.5,
23055,2022,2022-05-20T00:00:00,15,1,8,3.5,
23056,2022,2022-05-20T00:00:00,16,1,8,3.5,
23057,2022,2022-05-20T00:00:00,17,1,8,3.5,
23058,2022,2022-05-20T00:00:00,18,1,8,3.5,
23059,2022,2022-05-20T00:00:00,19,1,8,3.5,
23060,2022,2022-05-20T00:00:00,20,1,8,3.5,
23061,2022,2022-05-20T00:00:00,21,1,8,3.5,
23062,2022,2022-05-20T00:00:00,22,1,8,3.5,
23063,2022,2022-05-20T00:00:00,23,1,8,3.5,
23064,2022,2022-05-20T00:00:00,24,1,8,3.5,
23065,2022,2022-05-20T00:00:00,25,1,8,3.5,
23066,2022,2022-05-20T00:00:00,26,1,8,3.5,
23067,2022,2022-05-20T00:00:00,27,1,8,3.5,
23068,2022,2022-05-20T00:00:00,28,1,8,3.5,
23069,2022,2022-05-20T00:00:00,29,1,8,3.5,
23070,2022,2022-05-20T00:00:00,30,1,8,3.5,
23071,2022,2022-05-20T00:00:00,31,1,8,3.5,
23072,2022,2022-05-20T00:00:00,32,1,8,3.5,
23073,2022,2022-05-20T00:00:00,33,1,8,3.5,
23074,2022,2022-05-20T00:00:00,34,1,8,3.5,
23075,2022,2022-05-20T00:00:00,35,1,8,3.5,
23076,2022,2022-05-20T00:00:00,36,1,8,3.5,
23077,2022,2022-05-20T00:00:00,37,1,8,3.5,
23078,2022,2022-05-20T00:00:00,38,1,8,3.5,
23079,2022,2022-05-20T00:00:00,39,1,8,3.5,
23080,2022,2022-05-20T00:00:00,40,1,8,3.5,
23081,2022,2022-05-20T00:00:00,41,1,8,3.5,
23082,2022,2022-05-20T00:00:00,42,1,8,3.5,
23083,2022,2022-05-20T00:00:00,43,1,8,3.5,
23084,2022,2022-05-20T00:00:00,44,1,8,3.5,
23085,2022,2022-05-20T00:00:00,45,1,8,3.5,
23086,2022,2022-05-20T00:00:00,46,1,8,3.5,
23087,2022,2022-05-20T00:00:00,47,1,8,3.5,
23088,2022,2022-05-20T00:00:00,48,1,8,3.5,
23089,2022,2022-05-20T00:00:00,49,1,8,3.5,
23090,2022,2022-05-20T00:00:00,50,1,8,3.5,
23091,2022,2022-05-20T00:00:00,51,1,8,3.5,
23092,2022,2022-05-20T00:00:00,52,1,8,3.5,
23093,2022,2022-05-20T00:00:00,53,1,8,3.5,
23094,2022,2022-05-20T00:00:00,54,1,8,3.5,
23095,2022,2022-05-20T00:00:00,55,1,8,3.5,
23096,2022,2022-05-20T00:00:00,56,1,8,3.5,
23097,2022,2022-05-20T00:00:00,57,1,8,3.5,
23098,2022,2022-05-20T00:00:00,58,1,8,3.5,
23099,2022,2022-05-20T00:00:00,59,1,8,3.5,
23100,2022,2022-05-20T00:00:00,60,1,8,3.5,
23101,2022,2022-05-20T00:00:00,61,1,8,3.5,
23102,2022,2022-05-20T00:00:00,62,1,8,3.5,
23103,2022,2022-05-20T00:00:00,63,1,8,3.5,
23104,2022,2022-05-20T00:00:00,64,1,8,3.5,
