Duengung_ID,Versuchsjahr,Termin,Parzelle_ID,Duengemittel_ID,Menge_Duengemittel,N,P2O5,K2O,MgO,CaO,S,B,Cu,Fe,Mn,Mo,Zn,NaO
12801,2015,2015-04-08T00:00:00,1,,0,0,0,0,0,0,0,0,0,0,0,0,0,0
12802,2015,2015-04-08T00:00:00,2,,0,0,0,0,0,0,0,0,0,0,0,0,0,0
12803,2015,2015-04-08T00:00:00,3,1,87,40,0,0,0,0,0,0,0,0,0,0,0,0
12804,2015,2015-04-08T00:00:00,4,1,173.9,80,0,0,0,0,0,0,0,0,0,0,0,0
12805,2015,2015-04-08T00:00:00,5,9,153.8,40,0,0,0,0,20,0,0,0,0,0,0,0
12806,2015,2015-04-08T00:00:00,6,9,307.7,80,0,0,0,0,40,0,0,0,0,0,0,0
12807,2015,2015-04-08T00:00:00,7,4,307.7,80,0,0,0,0,40,0,0,0,0,0,0,0
12808,2015,2015-04-08T00:00:00,8,4,461.5,120,0,0,0,0,60,0,0,0,0,0,0,0
12809,2015,2015-04-08T00:00:00,9,10,148.1,40,0,0,0,17.8,0,0,0,0,0,0,0,0
12810,2015,2015-04-08T00:00:00,10,10,296.3,80,0,0,0,35.6,0,0,0,0,0,0,0,0
12811,2015,2015-04-08T00:00:00,11,11,300,60,0,0,0,165,0,0,0,0,0,0,0,0
12812,2015,2015-04-08T00:00:00,12,11,400,80,0,0,0,220,0,0,0,0,0,0,0,0
12813,2015,2015-04-08T00:00:00,13,12,133.3,40,0,0,0,0,0,0,0,0,0,0,0,0
12814,2015,2015-04-08T00:00:00,14,12,266.7,80,0,0,0,0,0,0,0,0,0,0,0,0
12815,2015,2015-04-08T00:00:00,15,10,222.2,60,0,0,0,26.7,0,0,0,0,0,0,0,0
12816,2015,2015-04-08T00:00:00,16,10,222.2,60,0,0,0,26.7,0,0,0,0,0,0,0,0
12817,2015,2015-04-08T00:00:00,17,1,87,40,0,0,0,0,0,0,0,0,0,0,0,0
12818,2015,2015-04-08T00:00:00,18,1,173.9,80,0,0,0,0,0,0,0,0,0,0,0,0
12819,2015,2015-04-08T00:00:00,19,9,153.8,40,0,0,0,0,20,0,0,0,0,0,0,0
12820,2015,2015-04-08T00:00:00,20,9,307.7,80,0,0,0,0,40,0,0,0,0,0,0,0
12821,2015,2015-04-08T00:00:00,21,4,307.7,80,0,0,0,0,40,0,0,0,0,0,0,0
12822,2015,2015-04-08T00:00:00,22,4,461.5,120,0,0,0,0,60,0,0,0,0,0,0,0
12823,2015,2015-04-08T00:00:00,23,,0,0,0,0,0,0,0,0,0,0,0,0,0,0
12824,2015,2015-04-08T00:00:00,24,,0,0,0,0,0,0,0,0,0,0,0,0,0,0
12825,2015,2015-04-08T00:00:00,25,11,300,60,0,0,0,165,0,0,0,0,0,0,0,0
12826,2015,2015-04-08T00:00:00,26,11,400,80,0,0,0,220,0,0,0,0,0,0,0,0
12827,2015,2015-04-08T00:00:00,27,12,133.3,40,0,0,0,0,0,0,0,0,0,0,0,0
12828,2015,2015-04-08T00:00:00,28,12,266.7,80,0,0,0,0,0,0,0,0,0,0,0,0
12829,2015,2015-04-08T00:00:00,29,10,222.2,60,0,0,0,26.7,0,0,0,0,0,0,0,0
12830,2015,2015-04-08T00:00:00,30,10,222.2,60,0,0,0,26.7,0,0,0,0,0,0,0,0
12831,2015,2015-04-08T00:00:00,31,10,148.1,40,0,0,0,17.8,0,0,0,0,0,0,0,0
12832,2015,2015-04-08T00:00:00,32,10,296.3,80,0,0,0,35.6,0,0,0,0,0,0,0,0
12833,2015,2015-04-08T00:00:00,33,9,153.8,40,0,0,0,0,20,0,0,0,0,0,0,0
12834,2015,2015-04-08T00:00:00,34,9,307.7,80,0,0,0,0,40,0,0,0,0,0,0,0
12835,2015,2015-04-08T00:00:00,35,4,307.7,80,0,0,0,0,40,0,0,0,0,0,0,0
12836,2015,2015-04-08T00:00:00,36,4,461.5,120,0,0,0,0,60,0,0,0,0,0,0,0
12837,2015,2015-04-08T00:00:00,37,,0,0,0,0,0,0,0,0,0,0,0,0,0,0
12838,2015,2015-04-08T00:00:00,38,,0,0,0,0,0,0,0,0,0,0,0,0,0,0
12839,2015,2015-04-08T00:00:00,39,1,87,40,0,0,0,0,0,0,0,0,0,0,0,0
12840,2015,2015-04-08T00:00:00,40,1,173.9,80,0,0,0,0,0,0,0,0,0,0,0,0
12841,2015,2015-04-08T00:00:00,41,12,133.3,40,0,0,0,0,0,0,0,0,0,0,0,0
12842,2015,2015-04-08T00:00:00,42,12,266.7,80,0,0,0,0,0,0,0,0,0,0,0,0
12843,2015,2015-04-08T00:00:00,43,10,222.2,60,0,0,0,26.7,0,0,0,0,0,0,0,0
12844,2015,2015-04-08T00:00:00,44,10,222.2,60,0,0,0,26.7,0,0,0,0,0,0,0,0
12845,2015,2015-04-08T00:00:00,45,10,148.1,40,0,0,0,17.8,0,0,0,0,0,0,0,0
12846,2015,2015-04-08T00:00:00,46,10,296.3,80,0,0,0,35.6,0,0,0,0,0,0,0,0
12847,2015,2015-04-08T00:00:00,47,11,300,60,0,0,0,165,0,0,0,0,0,0,0,0
12848,2015,2015-04-08T00:00:00,48,11,400,80,0,0,0,220,0,0,0,0,0,0,0,0
12849,2015,2015-04-08T00:00:00,49,4,307.7,80,0,0,0,0,40,0,0,0,0,0,0,0
12850,2015,2015-04-08T00:00:00,50,4,461.5,120,0,0,0,0,60,0,0,0,0,0,0,0
12851,2015,2015-04-08T00:00:00,51,,0,0,0,0,0,0,0,0,0,0,0,0,0,0
12852,2015,2015-04-08T00:00:00,52,,0,0,0,0,0,0,0,0,0,0,0,0,0,0
12853,2015,2015-04-08T00:00:00,53,1,87,40,0,0,0,0,0,0,0,0,0,0,0,0
12854,2015,2015-04-08T00:00:00,54,1,173.9,80,0,0,0,0,0,0,0,0,0,0,0,0
12855,2015,2015-04-08T00:00:00,55,9,153.8,40,0,0,0,0,20,0,0,0,0,0,0,0
12856,2015,2015-04-08T00:00:00,56,9,307.7,80,0,0,0,0,40,0,0,0,0,0,0,0
12857,2015,2015-04-08T00:00:00,57,10,222.2,60,0,0,0,26.7,0,0,0,0,0,0,0,0
12858,2015,2015-04-08T00:00:00,58,10,222.2,60,0,0,0,26.7,0,0,0,0,0,0,0,0
12859,2015,2015-04-08T00:00:00,59,10,148.1,40,0,0,0,17.8,0,0,0,0,0,0,0,0
12860,2015,2015-04-08T00:00:00,60,10,296.3,80,0,0,0,35.6,0,0,0,0,0,0,0,0
12861,2015,2015-04-08T00:00:00,61,11,300,60,0,0,0,165,0,0,0,0,0,0,0,0
12862,2015,2015-04-08T00:00:00,62,11,400,80,0,0,0,220,0,0,0,0,0,0,0,0
12863,2015,2015-04-08T00:00:00,63,12,133.3,40,0,0,0,0,0,0,0,0,0,0,0,0
12864,2015,2015-04-08T00:00:00,64,12,266.7,80,0,0,0,0,0,0,0,0,0,0,0,0
12865,2015,2015-06-01T00:00:00,1,,0,0,0,0,0,0,0,0,0,0,0,0,0,0
12866,2015,2015-06-01T00:00:00,2,,0,0,0,0,0,0,0,0,0,0,0,0,0,0
12867,2015,2015-06-01T00:00:00,3,1,87,40,0,0,0,0,0,0,0,0,0,0,0,0
12868,2015,2015-06-01T00:00:00,4,1,130.4,60,0,0,0,0,0,0,0,0,0,0,0,0
12869,2015,2015-06-01T00:00:00,5,9,153.8,40,0,0,0,0,20,0,0,0,0,0,0,0
12870,2015,2015-06-01T00:00:00,6,9,230.8,60,0,0,0,0,30,0,0,0,0,0,0,0
12871,2015,2015-06-01T00:00:00,7,4,0,0,0,0,0,0,0,0,0,0,0,0,0,0
12872,2015,2015-06-01T00:00:00,8,4,0,0,0,0,0,0,0,0,0,0,0,0,0,0
12873,2015,2015-06-01T00:00:00,9,10,148.1,40,0,0,0,17.8,0,0,0,0,0,0,0,0
12874,2015,2015-06-01T00:00:00,10,10,222.2,60,0,0,0,26.7,0,0,0,0,0,0,0,0
12875,2015,2015-06-01T00:00:00,11,11,300,60,0,0,0,165,0,0,0,0,0,0,0,0
12876,2015,2015-06-01T00:00:00,12,11,300,60,0,0,0,165,0,0,0,0,0,0,0,0
12877,2015,2015-06-01T00:00:00,13,12,133.3,40,0,0,0,0,0,0,0,0,0,0,0,0
12878,2015,2015-06-01T00:00:00,14,12,200,60,0,0,0,0,0,0,0,0,0,0,0,0
12879,2015,2015-06-01T00:00:00,15,10,148.1,40,0,0,0,17.8,0,0,0,0,0,0,0,0
12880,2015,2015-06-01T00:00:00,16,10,296.3,80,0,0,0,35.6,0,0,0,0,0,0,0,0
12881,2015,2015-06-01T00:00:00,17,1,87,40,0,0,0,0,0,0,0,0,0,0,0,0
12882,2015,2015-06-01T00:00:00,18,1,130.4,60,0,0,0,0,0,0,0,0,0,0,0,0
12883,2015,2015-06-01T00:00:00,19,9,153.8,40,0,0,0,0,20,0,0,0,0,0,0,0
12884,2015,2015-06-01T00:00:00,20,9,230.8,60,0,0,0,0,30,0,0,0,0,0,0,0
12885,2015,2015-06-01T00:00:00,21,4,0,0,0,0,0,0,0,0,0,0,0,0,0,0
12886,2015,2015-06-01T00:00:00,22,4,0,0,0,0,0,0,0,0,0,0,0,0,0,0
12887,2015,2015-06-01T00:00:00,23,,0,0,0,0,0,0,0,0,0,0,0,0,0,0
12888,2015,2015-06-01T00:00:00,24,,0,0,0,0,0,0,0,0,0,0,0,0,0,0
12889,2015,2015-06-01T00:00:00,25,11,300,60,0,0,0,165,0,0,0,0,0,0,0,0
12890,2015,2015-06-01T00:00:00,26,11,300,60,0,0,0,165,0,0,0,0,0,0,0,0
12891,2015,2015-06-01T00:00:00,27,12,133.3,40,0,0,0,0,0,0,0,0,0,0,0,0
12892,2015,2015-06-01T00:00:00,28,12,200,60,0,0,0,0,0,0,0,0,0,0,0,0
12893,2015,2015-06-01T00:00:00,29,10,148.1,40,0,0,0,17.8,0,0,0,0,0,0,0,0
12894,2015,2015-06-01T00:00:00,30,10,296.3,80,0,0,0,35.6,0,0,0,0,0,0,0,0
12895,2015,2015-06-01T00:00:00,31,10,148.1,40,0,0,0,17.8,0,0,0,0,0,0,0,0
12896,2015,2015-06-01T00:00:00,32,10,222.2,60,0,0,0,26.7,0,0,0,0,0,0,0,0
12897,2015,2015-06-01T00:00:00,33,9,153.8,40,0,0,0,0,20,0,0,0,0,0,0,0
12898,2015,2015-06-01T00:00:00,34,9,230.8,60,0,0,0,0,30,0,0,0,0,0,0,0
12899,2015,2015-06-01T00:00:00,35,4,0,0,0,0,0,0,0,0,0,0,0,0,0,0
12900,2015,2015-06-01T00:00:00,36,4,0,0,0,0,0,0,0,0,0,0,0,0,0,0
12901,2015,2015-06-01T00:00:00,37,,0,0,0,0,0,0,0,0,0,0,0,0,0,0
12902,2015,2015-06-01T00:00:00,38,,0,0,0,0,0,0,0,0,0,0,0,0,0,0
12903,2015,2015-06-01T00:00:00,39,1,87,40,0,0,0,0,0,0,0,0,0,0,0,0
12904,2015,2015-06-01T00:00:00,40,1,130.4,60,0,0,0,0,0,0,0,0,0,0,0,0
12905,2015,2015-06-01T00:00:00,41,12,133.3,40,0,0,0,0,0,0,0,0,0,0,0,0
12906,2015,2015-06-01T00:00:00,42,12,200,60,0,0,0,0,0,0,0,0,0,0,0,0
12907,2015,2015-06-01T00:00:00,43,10,148.1,40,0,0,0,17.8,0,0,0,0,0,0,0,0
12908,2015,2015-06-01T00:00:00,44,10,296.3,80,0,0,0,35.6,0,0,0,0,0,0,0,0
12909,2015,2015-06-01T00:00:00,45,10,148.1,40,0,0,0,17.8,0,0,0,0,0,0,0,0
12910,2015,2015-06-01T00:00:00,46,10,222.2,60,0,0,0,26.7,0,0,0,0,0,0,0,0
12911,2015,2015-06-01T00:00:00,47,11,300,60,0,0,0,165,0,0,0,0,0,0,0,0
12912,2015,2015-06-01T00:00:00,48,11,300,60,0,0,0,165,0,0,0,0,0,0,0,0
12913,2015,2015-06-01T00:00:00,49,4,0,0,0,0,0,0,0,0,0,0,0,0,0,0
12914,2015,2015-06-01T00:00:00,50,4,0,0,0,0,0,0,0,0,0,0,0,0,0,0
12915,2015,2015-06-01T00:00:00,51,,0,0,0,0,0,0,0,0,0,0,0,0,0,0
12916,2015,2015-06-01T00:00:00,52,,0,0,0,0,0,0,0,0,0,0,0,0,0,0
12917,2015,2015-06-01T00:00:00,53,1,87,40,0,0,0,0,0,0,0,0,0,0,0,0
12918,2015,2015-06-01T00:00:00,54,1,130.4,60,0,0,0,0,0,0,0,0,0,0,0,0
12919,2015,2015-06-01T00:00:00,55,9,153.8,40,0,0,0,0,20,0,0,0,0,0,0,0
12920,2015,2015-06-01T00:00:00,56,9,230.8,60,0,0,0,0,30,0,0,0,0,0,0,0
12921,2015,2015-06-01T00:00:00,57,10,148.1,40,0,0,0,17.8,0,0,0,0,0,0,0,0
12922,2015,2015-06-01T00:00:00,58,10,296.3,80,0,0,0,35.6,0,0,0,0,0,0,0,0
12923,2015,2015-06-01T00:00:00,59,10,148.1,40,0,0,0,17.8,0,0,0,0,0,0,0,0
12924,2015,2015-06-01T00:00:00,60,10,222.2,60,0,0,0,26.7,0,0,0,0,0,0,0,0
12925,2015,2015-06-01T00:00:00,61,11,300,60,0,0,0,165,0,0,0,0,0,0,0,0
12926,2015,2015-06-01T00:00:00,62,11,300,60,0,0,0,165,0,0,0,0,0,0,0,0
12927,2015,2015-06-01T00:00:00,63,12,133.3,40,0,0,0,0,0,0,0,0,0,0,0,0
12928,2015,2015-06-01T00:00:00,64,12,200,60,0,0,0,0,0,0,0,0,0,0,0,0
12929,2015,2015-07-02T00:00:00,1,,0,0,0,0,0,0,0,0,0,0,0,0,0,0
12930,2015,2015-07-02T00:00:00,2,,0,0,0,0,0,0,0,0,0,0,0,0,0,0
12931,2015,2015-07-02T00:00:00,3,1,87,40,0,0,0,0,0,0,0,0,0,0,0,0
12932,2015,2015-07-02T00:00:00,4,1,87,40,0,0,0,0,0,0,0,0,0,0,0,0
12933,2015,2015-07-02T00:00:00,5,9,153.8,40,0,0,0,0,20,0,0,0,0,0,0,0
12934,2015,2015-07-02T00:00:00,6,9,153.8,40,0,0,0,0,20,0,0,0,0,0,0,0
12935,2015,2015-07-02T00:00:00,7,10,153.8,40,0,0,0,18.5,0,0,0,0,0,0,0,0
12936,2015,2015-07-02T00:00:00,8,10,230.8,60,0,0,0,27.7,0,0,0,0,0,0,0,0
12937,2015,2015-07-02T00:00:00,9,10,148.1,40,0,0,0,17.8,0,0,0,0,0,0,0,0
12938,2015,2015-07-02T00:00:00,10,10,148.1,40,0,0,0,17.8,0,0,0,0,0,0,0,0
12939,2015,2015-07-02T00:00:00,11,11,0,0,0,0,0,0,0,0,0,0,0,0,0,0
12940,2015,2015-07-02T00:00:00,12,10,148.1,40,0,0,0,17.8,0,0,0,0,0,0,0,0
12941,2015,2015-07-02T00:00:00,13,12,133.3,40,0,0,0,0,0,0,0,0,0,0,0,0
12942,2015,2015-07-02T00:00:00,14,12,133.3,40,0,0,0,0,0,0,0,0,0,0,0,0
12943,2015,2015-07-02T00:00:00,15,10,74.1,20,0,0,0,8.9,0,0,0,0,0,0,0,0
12944,2015,2015-07-02T00:00:00,16,10,148.1,40,0,0,0,17.8,0,0,0,0,0,0,0,0
12945,2015,2015-07-02T00:00:00,17,1,87,40,0,0,0,0,0,0,0,0,0,0,0,0
12946,2015,2015-07-02T00:00:00,18,1,87,40,0,0,0,0,0,0,0,0,0,0,0,0
12947,2015,2015-07-02T00:00:00,19,9,153.8,40,0,0,0,0,20,0,0,0,0,0,0,0
12948,2015,2015-07-02T00:00:00,20,9,153.8,40,0,0,0,0,20,0,0,0,0,0,0,0
12949,2015,2015-07-02T00:00:00,21,10,153.8,40,0,0,0,18.5,0,0,0,0,0,0,0,0
12950,2015,2015-07-02T00:00:00,22,10,230.8,60,0,0,0,27.7,0,0,0,0,0,0,0,0
12951,2015,2015-07-02T00:00:00,23,,0,0,0,0,0,0,0,0,0,0,0,0,0,0
12952,2015,2015-07-02T00:00:00,24,,0,0,0,0,0,0,0,0,0,0,0,0,0,0
12953,2015,2015-07-02T00:00:00,25,11,0,0,0,0,0,0,0,0,0,0,0,0,0,0
12954,2015,2015-07-02T00:00:00,26,10,148.1,40,0,0,0,17.8,0,0,0,0,0,0,0,0
12955,2015,2015-07-02T00:00:00,27,12,133.3,40,0,0,0,0,0,0,0,0,0,0,0,0
12956,2015,2015-07-02T00:00:00,28,12,133.3,40,0,0,0,0,0,0,0,0,0,0,0,0
12957,2015,2015-07-02T00:00:00,29,10,74.1,20,0,0,0,8.9,0,0,0,0,0,0,0,0
12958,2015,2015-07-02T00:00:00,30,10,148.1,40,0,0,0,17.8,0,0,0,0,0,0,0,0
12959,2015,2015-07-02T00:00:00,31,10,148.1,40,0,0,0,17.8,0,0,0,0,0,0,0,0
12960,2015,2015-07-02T00:00:00,32,10,148.1,40,0,0,0,17.8,0,0,0,0,0,0,0,0
12961,2015,2015-07-02T00:00:00,33,9,153.8,40,0,0,0,0,20,0,0,0,0,0,0,0
12962,2015,2015-07-02T00:00:00,34,9,153.8,40,0,0,0,0,20,0,0,0,0,0,0,0
12963,2015,2015-07-02T00:00:00,35,10,153.8,40,0,0,0,18.5,0,0,0,0,0,0,0,0
12964,2015,2015-07-02T00:00:00,36,10,230.8,60,0,0,0,27.7,0,0,0,0,0,0,0,0
12965,2015,2015-07-02T00:00:00,37,,0,0,0,0,0,0,0,0,0,0,0,0,0,0
12966,2015,2015-07-02T00:00:00,38,,0,0,0,0,0,0,0,0,0,0,0,0,0,0
12967,2015,2015-07-02T00:00:00,39,1,87,40,0,0,0,0,0,0,0,0,0,0,0,0
12968,2015,2015-07-02T00:00:00,40,1,87,40,0,0,0,0,0,0,0,0,0,0,0,0
12969,2015,2015-07-02T00:00:00,41,12,133.3,40,0,0,0,0,0,0,0,0,0,0,0,0
12970,2015,2015-07-02T00:00:00,42,12,133.3,40,0,0,0,0,0,0,0,0,0,0,0,0
12971,2015,2015-07-02T00:00:00,43,10,74.1,20,0,0,0,8.9,0,0,0,0,0,0,0,0
12972,2015,2015-07-02T00:00:00,44,10,148.1,40,0,0,0,17.8,0,0,0,0,0,0,0,0
12973,2015,2015-07-02T00:00:00,45,10,148.1,40,0,0,0,17.8,0,0,0,0,0,0,0,0
12974,2015,2015-07-02T00:00:00,46,10,148.1,40,0,0,0,17.8,0,0,0,0,0,0,0,0
12975,2015,2015-07-02T00:00:00,47,11,0,0,0,0,0,0,0,0,0,0,0,0,0,0
12976,2015,2015-07-02T00:00:00,48,10,148.1,40,0,0,0,17.8,0,0,0,0,0,0,0,0
12977,2015,2015-07-02T00:00:00,49,10,153.8,40,0,0,0,18.5,0,0,0,0,0,0,0,0
12978,2015,2015-07-02T00:00:00,50,10,230.8,60,0,0,0,27.7,0,0,0,0,0,0,0,0
12979,2015,2015-07-02T00:00:00,51,,0,0,0,0,0,0,0,0,0,0,0,0,0,0
12980,2015,2015-07-02T00:00:00,52,,0,0,0,0,0,0,0,0,0,0,0,0,0,0
12981,2015,2015-07-02T00:00:00,53,1,87,40,0,0,0,0,0,0,0,0,0,0,0,0
12982,2015,2015-07-02T00:00:00,54,1,87,40,0,0,0,0,0,0,0,0,0,0,0,0
12983,2015,2015-07-02T00:00:00,55,9,153.8,40,0,0,0,0,20,0,0,0,0,0,0,0
12984,2015,2015-07-02T00:00:00,56,9,153.8,40,0,0,0,0,20,0,0,0,0,0,0,0
12985,2015,2015-07-02T00:00:00,57,10,74.1,20,0,0,0,8.9,0,0,0,0,0,0,0,0
12986,2015,2015-07-02T00:00:00,58,10,148.1,40,0,0,0,17.8,0,0,0,0,0,0,0,0
12987,2015,2015-07-02T00:00:00,59,10,148.1,40,0,0,0,17.8,0,0,0,0,0,0,0,0
12988,2015,2015-07-02T00:00:00,60,10,148.1,40,0,0,0,17.8,0,0,0,0,0,0,0,0
12989,2015,2015-07-02T00:00:00,61,11,0,0,0,0,0,0,0,0,0,0,0,0,0,0
12990,2015,2015-07-02T00:00:00,62,10,148.1,40,0,0,0,17.8,0,0,0,0,0,0,0,0
12991,2015,2015-07-02T00:00:00,63,12,133.3,40,0,0,0,0,0,0,0,0,0,0,0,0
12992,2015,2015-07-02T00:00:00,64,12,133.3,40,0,0,0,0,0,0,0,0,0,0,0,0
12993,2016,2016-05-19T00:00:00,1,,0,0,0,0,0,0,0,0,0,0,0,0,0,0
12994,2016,2016-05-19T00:00:00,2,,0,0,0,0,0,0,0,0,0,0,0,0,0,0
12995,2016,2016-05-19T00:00:00,3,1,173.9,80,0,0,0,0,0,0,0,0,0,0,0,0
12996,2016,2016-05-19T00:00:00,4,1,260.9,120,0,0,0,0,0,0,0,0,0,0,0,0
12997,2016,2016-05-19T00:00:00,5,9,307.7,80,0,0,0,0,40,0,0,0,0,0,0,0
12998,2016,2016-05-19T00:00:00,6,9,461.5,120,0,0,0,0,60,0,0,0,0,0,0,0
12999,2016,2016-05-19T00:00:00,7,4,461.5,120,0,0,0,0,60,0,0,0,0,0,0,0
13000,2016,2016-05-19T00:00:00,8,4,692.3,180,0,0,0,0,90,0,0,0,0,0,0,0
13001,2016,2016-05-19T00:00:00,9,10,148.1,40,0,0,0,17.8,0,0,0,0,0,0,0,0
13002,2016,2016-05-19T00:00:00,10,10,222.2,60,0,0,0,26.7,0,0,0,0,0,0,0,0
13003,2016,2016-05-19T00:00:00,11,11,400,80,0,0,0,220,0,0,0,0,0,0,0,0
13004,2016,2016-05-19T00:00:00,12,11,500,100,0,0,0,275,0,0,0,0,0,0,0,0
13005,2016,2016-05-19T00:00:00,13,12,133.3,40,0,0,0,0,0,0,0,0,0,0,0,0
13006,2016,2016-05-19T00:00:00,14,12,200,60,0,0,0,0,0,0,0,0,0,0,0,0
13007,2016,2016-05-19T00:00:00,15,10,296.3,80,0,0,0,35.6,0,0,0,0,0,0,0,0
13008,2016,2016-05-19T00:00:00,16,10,444.4,120,0,0,0,53.3,0,0,0,0,0,0,0,0
13009,2016,2016-05-19T00:00:00,17,1,173.9,80,0,0,0,0,0,0,0,0,0,0,0,0
13010,2016,2016-05-19T00:00:00,18,1,260.9,120,0,0,0,0,0,0,0,0,0,0,0,0
13011,2016,2016-05-19T00:00:00,19,9,307.7,80,0,0,0,0,40,0,0,0,0,0,0,0
13012,2016,2016-05-19T00:00:00,20,9,461.5,120,0,0,0,0,60,0,0,0,0,0,0,0
13013,2016,2016-05-19T00:00:00,21,4,461.5,120,0,0,0,0,60,0,0,0,0,0,0,0
13014,2016,2016-05-19T00:00:00,22,4,692.3,180,0,0,0,0,90,0,0,0,0,0,0,0
13015,2016,2016-05-19T00:00:00,23,,0,0,0,0,0,0,0,0,0,0,0,0,0,0
13016,2016,2016-05-19T00:00:00,24,,0,0,0,0,0,0,0,0,0,0,0,0,0,0
13017,2016,2016-05-19T00:00:00,25,11,400,80,0,0,0,220,0,0,0,0,0,0,0,0
13018,2016,2016-05-19T00:00:00,26,11,500,100,0,0,0,275,0,0,0,0,0,0,0,0
13019,2016,2016-05-19T00:00:00,27,12,133.3,40,0,0,0,0,0,0,0,0,0,0,0,0
13020,2016,2016-05-19T00:00:00,28,12,200,60,0,0,0,0,0,0,0,0,0,0,0,0
13021,2016,2016-05-19T00:00:00,29,10,296.3,80,0,0,0,35.6,0,0,0,0,0,0,0,0
13022,2016,2016-05-19T00:00:00,30,10,444.4,120,0,0,0,53.3,0,0,0,0,0,0,0,0
13023,2016,2016-05-19T00:00:00,31,10,148.1,40,0,0,0,17.8,0,0,0,0,0,0,0,0
13024,2016,2016-05-19T00:00:00,32,10,222.2,60,0,0,0,26.7,0,0,0,0,0,0,0,0
13025,2016,2016-05-19T00:00:00,33,9,307.7,80,0,0,0,0,40,0,0,0,0,0,0,0
13026,2016,2016-05-19T00:00:00,34,9,461.5,120,0,0,0,0,60,0,0,0,0,0,0,0
13027,2016,2016-05-19T00:00:00,35,4,461.5,120,0,0,0,0,60,0,0,0,0,0,0,0
13028,2016,2016-05-19T00:00:00,36,4,692.3,180,0,0,0,0,90,0,0,0,0,0,0,0
13029,2016,2016-05-19T00:00:00,37,,0,0,0,0,0,0,0,0,0,0,0,0,0,0
13030,2016,2016-05-19T00:00:00,38,,0,0,0,0,0,0,0,0,0,0,0,0,0,0
13031,2016,2016-05-19T00:00:00,39,1,173.9,80,0,0,0,0,0,0,0,0,0,0,0,0
13032,2016,2016-05-19T00:00:00,40,1,260.9,120,0,0,0,0,0,0,0,0,0,0,0,0
13033,2016,2016-05-19T00:00:00,41,12,133.3,40,0,0,0,0,0,0,0,0,0,0,0,0
13034,2016,2016-05-19T00:00:00,42,12,200,60,0,0,0,0,0,0,0,0,0,0,0,0
13035,2016,2016-05-19T00:00:00,43,10,296.3,80,0,0,0,35.6,0,0,0,0,0,0,0,0
13036,2016,2016-05-19T00:00:00,44,10,444.4,120,0,0,0,53.3,0,0,0,0,0,0,0,0
13037,2016,2016-05-19T00:00:00,45,10,148.1,40,0,0,0,17.8,0,0,0,0,0,0,0,0
13038,2016,2016-05-19T00:00:00,46,10,222.2,60,0,0,0,26.7,0,0,0,0,0,0,0,0
13039,2016,2016-05-19T00:00:00,47,11,400,80,0,0,0,220,0,0,0,0,0,0,0,0
13040,2016,2016-05-19T00:00:00,48,11,500,100,0,0,0,275,0,0,0,0,0,0,0,0
13041,2016,2016-05-19T00:00:00,49,4,461.5,120,0,0,0,0,60,0,0,0,0,0,0,0
13042,2016,2016-05-19T00:00:00,50,4,692.3,180,0,0,0,0,90,0,0,0,0,0,0,0
13043,2016,2016-05-19T00:00:00,51,,0,0,0,0,0,0,0,0,0,0,0,0,0,0
13044,2016,2016-05-19T00:00:00,52,,0,0,0,0,0,0,0,0,0,0,0,0,0,0
13045,2016,2016-05-19T00:00:00,53,1,173.9,80,0,0,0,0,0,0,0,0,0,0,0,0
13046,2016,2016-05-19T00:00:00,54,1,260.9,120,0,0,0,0,0,0,0,0,0,0,0,0
13047,2016,2016-05-19T00:00:00,55,9,307.7,80,0,0,0,0,40,0,0,0,0,0,0,0
13048,2016,2016-05-19T00:00:00,56,9,461.5,120,0,0,0,0,60,0,0,0,0,0,0,0
13049,2016,2016-05-19T00:00:00,57,10,296.3,80,0,0,0,35.6,0,0,0,0,0,0,0,0
13050,2016,2016-05-19T00:00:00,58,10,444.4,120,0,0,0,53.3,0,0,0,0,0,0,0,0
13051,2016,2016-05-19T00:00:00,59,10,148.1,40,0,0,0,17.8,0,0,0,0,0,0,0,0
13052,2016,2016-05-19T00:00:00,60,10,222.2,60,0,0,0,26.7,0,0,0,0,0,0,0,0
13053,2016,2016-05-19T00:00:00,61,11,400,80,0,0,0,220,0,0,0,0,0,0,0,0
13054,2016,2016-05-19T00:00:00,62,11,500,100,0,0,0,275,0,0,0,0,0,0,0,0
13055,2016,2016-05-19T00:00:00,63,12,133.3,40,0,0,0,0,0,0,0,0,0,0,0,0
13056,2016,2016-05-19T00:00:00,64,12,200,60,0,0,0,0,0,0,0,0,0,0,0,0
13057,2016,2016-06-02T00:00:00,1,,0,0,0,0,0,0,0,0,0,0,0,0,0,0
13058,2016,2016-06-02T00:00:00,2,,0,0,0,0,0,0,0,0,0,0,0,0,0,0
13059,2016,2016-06-02T00:00:00,3,1,87,40,0,0,0,0,0,0,0,0,0,0,0,0
13060,2016,2016-06-02T00:00:00,4,1,130.4,60,0,0,0,0,0,0,0,0,0,0,0,0
13061,2016,2016-06-02T00:00:00,5,9,153.8,40,0,0,0,0,20,0,0,0,0,0,0,0
13062,2016,2016-06-02T00:00:00,6,9,230.8,60,0,0,0,0,30,0,0,0,0,0,0,0
13063,2016,2016-06-02T00:00:00,7,4,0,0,0,0,0,0,0,0,0,0,0,0,0,0
13064,2016,2016-06-02T00:00:00,8,4,0,0,0,0,0,0,0,0,0,0,0,0,0,0
13065,2016,2016-06-02T00:00:00,9,10,296.3,80,0,0,0,35.6,0,0,0,0,0,0,0,0
13066,2016,2016-06-02T00:00:00,10,10,444.4,120,0,0,0,53.3,0,0,0,0,0,0,0,0
13067,2016,2016-06-02T00:00:00,11,10,148.1,40,0,0,0,17.8,0,0,0,0,0,0,0,0
13068,2016,2016-06-02T00:00:00,12,10,296.3,80,0,0,0,35.6,0,0,0,0,0,0,0,0
13069,2016,2016-06-02T00:00:00,13,12,266.7,80,0,0,0,0,0,0,0,0,0,0,0,0
13070,2016,2016-06-02T00:00:00,14,12,400,120,0,0,0,0,0,0,0,0,0,0,0,0
13071,2016,2016-06-02T00:00:00,15,10,148.1,40,0,0,0,17.8,0,0,0,0,0,0,0,0
13072,2016,2016-06-02T00:00:00,16,10,222.2,60,0,0,0,26.7,0,0,0,0,0,0,0,0
13073,2016,2016-06-02T00:00:00,17,1,87,40,0,0,0,0,0,0,0,0,0,0,0,0
13074,2016,2016-06-02T00:00:00,18,1,130.4,60,0,0,0,0,0,0,0,0,0,0,0,0
13075,2016,2016-06-02T00:00:00,19,9,153.8,40,0,0,0,0,20,0,0,0,0,0,0,0
13076,2016,2016-06-02T00:00:00,20,9,230.8,60,0,0,0,0,30,0,0,0,0,0,0,0
13077,2016,2016-06-02T00:00:00,21,4,0,0,0,0,0,0,0,0,0,0,0,0,0,0
13078,2016,2016-06-02T00:00:00,22,4,0,0,0,0,0,0,0,0,0,0,0,0,0,0
13079,2016,2016-06-02T00:00:00,23,,0,0,0,0,0,0,0,0,0,0,0,0,0,0
13080,2016,2016-06-02T00:00:00,24,,0,0,0,0,0,0,0,0,0,0,0,0,0,0
13081,2016,2016-06-02T00:00:00,25,10,148.1,40,0,0,0,17.8,0,0,0,0,0,0,0,0
13082,2016,2016-06-02T00:00:00,26,10,296.3,80,0,0,0,35.6,0,0,0,0,0,0,0,0
13083,2016,2016-06-02T00:00:00,27,12,266.7,80,0,0,0,0,0,0,0,0,0,0,0,0
13084,2016,2016-06-02T00:00:00,28,12,400,120,0,0,0,0,0,0,0,0,0,0,0,0
13085,2016,2016-06-02T00:00:00,29,10,148.1,40,0,0,0,17.8,0,0,0,0,0,0,0,0
13086,2016,2016-06-02T00:00:00,30,10,222.2,60,0,0,0,26.7,0,0,0,0,0,0,0,0
13087,2016,2016-06-02T00:00:00,31,10,296.3,80,0,0,0,35.6,0,0,0,0,0,0,0,0
13088,2016,2016-06-02T00:00:00,32,10,444.4,120,0,0,0,53.3,0,0,0,0,0,0,0,0
13089,2016,2016-06-02T00:00:00,33,9,153.8,40,0,0,0,0,20,0,0,0,0,0,0,0
13090,2016,2016-06-02T00:00:00,34,9,230.8,60,0,0,0,0,30,0,0,0,0,0,0,0
13091,2016,2016-06-02T00:00:00,35,4,0,0,0,0,0,0,0,0,0,0,0,0,0,0
13092,2016,2016-06-02T00:00:00,36,4,0,0,0,0,0,0,0,0,0,0,0,0,0,0
13093,2016,2016-06-02T00:00:00,37,,0,0,0,0,0,0,0,0,0,0,0,0,0,0
13094,2016,2016-06-02T00:00:00,38,,0,0,0,0,0,0,0,0,0,0,0,0,0,0
13095,2016,2016-06-02T00:00:00,39,1,87,40,0,0,0,0,0,0,0,0,0,0,0,0
13096,2016,2016-06-02T00:00:00,40,1,130.4,60,0,0,0,0,0,0,0,0,0,0,0,0
13097,2016,2016-06-02T00:00:00,41,12,266.7,80,0,0,0,0,0,0,0,0,0,0,0,0
13098,2016,2016-06-02T00:00:00,42,12,400,120,0,0,0,0,0,0,0,0,0,0,0,0
13099,2016,2016-06-02T00:00:00,43,10,148.1,40,0,0,0,17.8,0,0,0,0,0,0,0,0
13100,2016,2016-06-02T00:00:00,44,10,222.2,60,0,0,0,26.7,0,0,0,0,0,0,0,0
13101,2016,2016-06-02T00:00:00,45,10,296.3,80,0,0,0,35.6,0,0,0,0,0,0,0,0
13102,2016,2016-06-02T00:00:00,46,10,444.4,120,0,0,0,53.3,0,0,0,0,0,0,0,0
13103,2016,2016-06-02T00:00:00,47,10,148.1,40,0,0,0,17.8,0,0,0,0,0,0,0,0
13104,2016,2016-06-02T00:00:00,48,10,296.3,80,0,0,0,35.6,0,0,0,0,0,0,0,0
13105,2016,2016-06-02T00:00:00,49,4,0,0,0,0,0,0,0,0,0,0,0,0,0,0
13106,2016,2016-06-02T00:00:00,50,4,0,0,0,0,0,0,0,0,0,0,0,0,0,0
13107,2016,2016-06-02T00:00:00,51,,0,0,0,0,0,0,0,0,0,0,0,0,0,0
13108,2016,2016-06-02T00:00:00,52,,0,0,0,0,0,0,0,0,0,0,0,0,0,0
13109,2016,2016-06-02T00:00:00,53,1,87,40,0,0,0,0,0,0,0,0,0,0,0,0
13110,2016,2016-06-02T00:00:00,54,1,130.4,60,0,0,0,0,0,0,0,0,0,0,0,0
13111,2016,2016-06-02T00:00:00,55,9,153.8,40,0,0,0,0,20,0,0,0,0,0,0,0
13112,2016,2016-06-02T00:00:00,56,9,230.8,60,0,0,0,0,30,0,0,0,0,0,0,0
13113,2016,2016-06-02T00:00:00,57,10,148.1,40,0,0,0,17.8,0,0,0,0,0,0,0,0
13114,2016,2016-06-02T00:00:00,58,10,222.2,60,0,0,0,26.7,0,0,0,0,0,0,0,0
13115,2016,2016-06-02T00:00:00,59,10,296.3,80,0,0,0,35.6,0,0,0,0,0,0,0,0
13116,2016,2016-06-02T00:00:00,60,10,444.4,120,0,0,0,53.3,0,0,0,0,0,0,0,0
13117,2016,2016-06-02T00:00:00,61,10,148.1,40,0,0,0,17.8,0,0,0,0,0,0,0,0
13118,2016,2016-06-02T00:00:00,62,10,296.3,80,0,0,0,35.6,0,0,0,0,0,0,0,0
13119,2016,2016-06-02T00:00:00,63,12,266.7,80,0,0,0,0,0,0,0,0,0,0,0,0
13120,2016,2016-06-02T00:00:00,64,12,400,120,0,0,0,0,0,0,0,0,0,0,0,0
13121,2017,2017-02-04T00:00:00,1,,0,0,0,0,0,0,0,0,0,0,0,0,0,0
13122,2017,2017-02-04T00:00:00,2,,0,0,0,0,0,0,0,0,0,0,0,0,0,0
13123,2017,2017-02-04T00:00:00,3,1,87,40,0,0,0,0,0,0,0,0,0,0,0,0
13124,2017,2017-02-04T00:00:00,4,1,173.9,80,0,0,0,0,0,0,0,0,0,0,0,0
13125,2017,2017-02-04T00:00:00,5,9,153.8,40,0,0,0,0,20,0,0,0,0,0,0,0
13126,2017,2017-02-04T00:00:00,6,9,307.7,80,0,0,0,0,40,0,0,0,0,0,0,0
13127,2017,2017-02-04T00:00:00,7,4,307.7,80,0,0,0,0,40,0,0,0,0,0,0,0
13128,2017,2017-02-04T00:00:00,8,4,461.5,120,0,0,0,0,60,0,0,0,0,0,0,0
13129,2017,2017-02-04T00:00:00,9,10,148.1,40,0,0,0,17.8,0,0,0,0,0,0,0,0
13130,2017,2017-02-04T00:00:00,10,10,296.3,80,0,0,0,35.6,0,0,0,0,0,0,0,0
13131,2017,2017-02-04T00:00:00,11,11,300,60,0,0,0,165,0,0,0,0,0,0,0,0
13132,2017,2017-02-04T00:00:00,12,11,400,80,0,0,0,220,0,0,0,0,0,0,0,0
13133,2017,2017-02-04T00:00:00,13,12,133.3,40,0,0,0,0,0,0,0,0,0,0,0,0
13134,2017,2017-02-04T00:00:00,14,12,266.7,80,0,0,0,0,0,0,0,0,0,0,0,0
13135,2017,2017-02-04T00:00:00,15,10,222.2,60,0,0,0,26.7,0,0,0,0,0,0,0,0
13136,2017,2017-02-04T00:00:00,16,10,222.2,60,0,0,0,26.7,0,0,0,0,0,0,0,0
13137,2017,2017-02-04T00:00:00,17,1,87,40,0,0,0,0,0,0,0,0,0,0,0,0
13138,2017,2017-02-04T00:00:00,18,1,173.9,80,0,0,0,0,0,0,0,0,0,0,0,0
13139,2017,2017-02-04T00:00:00,19,9,153.8,40,0,0,0,0,20,0,0,0,0,0,0,0
13140,2017,2017-02-04T00:00:00,20,9,307.7,80,0,0,0,0,40,0,0,0,0,0,0,0
13141,2017,2017-02-04T00:00:00,21,4,307.7,80,0,0,0,0,40,0,0,0,0,0,0,0
13142,2017,2017-02-04T00:00:00,22,4,461.5,120,0,0,0,0,60,0,0,0,0,0,0,0
13143,2017,2017-02-04T00:00:00,23,,0,0,0,0,0,0,0,0,0,0,0,0,0,0
13144,2017,2017-02-04T00:00:00,24,,0,0,0,0,0,0,0,0,0,0,0,0,0,0
13145,2017,2017-02-04T00:00:00,25,11,300,60,0,0,0,165,0,0,0,0,0,0,0,0
13146,2017,2017-02-04T00:00:00,26,11,400,80,0,0,0,220,0,0,0,0,0,0,0,0
13147,2017,2017-02-04T00:00:00,27,12,133.3,40,0,0,0,0,0,0,0,0,0,0,0,0
13148,2017,2017-02-04T00:00:00,28,12,266.7,80,0,0,0,0,0,0,0,0,0,0,0,0
13149,2017,2017-02-04T00:00:00,29,10,222.2,60,0,0,0,26.7,0,0,0,0,0,0,0,0
13150,2017,2017-02-04T00:00:00,30,10,222.2,60,0,0,0,26.7,0,0,0,0,0,0,0,0
13151,2017,2017-02-04T00:00:00,31,10,148.1,40,0,0,0,17.8,0,0,0,0,0,0,0,0
13152,2017,2017-02-04T00:00:00,32,10,296.3,80,0,0,0,35.6,0,0,0,0,0,0,0,0
13153,2017,2017-02-04T00:00:00,33,9,153.8,40,0,0,0,0,20,0,0,0,0,0,0,0
13154,2017,2017-02-04T00:00:00,34,9,307.7,80,0,0,0,0,40,0,0,0,0,0,0,0
13155,2017,2017-02-04T00:00:00,35,4,307.7,80,0,0,0,0,40,0,0,0,0,0,0,0
13156,2017,2017-02-04T00:00:00,36,4,461.5,120,0,0,0,0,60,0,0,0,0,0,0,0
13157,2017,2017-02-04T00:00:00,37,,0,0,0,0,0,0,0,0,0,0,0,0,0,0
13158,2017,2017-02-04T00:00:00,38,,0,0,0,0,0,0,0,0,0,0,0,0,0,0
13159,2017,2017-02-04T00:00:00,39,1,87,40,0,0,0,0,0,0,0,0,0,0,0,0
13160,2017,2017-02-04T00:00:00,40,1,173.9,80,0,0,0,0,0,0,0,0,0,0,0,0
13161,2017,2017-02-04T00:00:00,41,12,133.3,40,0,0,0,0,0,0,0,0,0,0,0,0
13162,2017,2017-02-04T00:00:00,42,12,266.7,80,0,0,0,0,0,0,0,0,0,0,0,0
13163,2017,2017-02-04T00:00:00,43,10,222.2,60,0,0,0,26.7,0,0,0,0,0,0,0,0
13164,2017,2017-02-04T00:00:00,44,10,222.2,60,0,0,0,26.7,0,0,0,0,0,0,0,0
13165,2017,2017-02-04T00:00:00,45,10,148.1,40,0,0,0,17.8,0,0,0,0,0,0,0,0
13166,2017,2017-02-04T00:00:00,46,10,296.3,80,0,0,0,35.6,0,0,0,0,0,0,0,0
13167,2017,2017-02-04T00:00:00,47,11,300,60,0,0,0,165,0,0,0,0,0,0,0,0
13168,2017,2017-02-04T00:00:00,48,11,400,80,0,0,0,220,0,0,0,0,0,0,0,0
13169,2017,2017-02-04T00:00:00,49,4,307.7,80,0,0,0,0,40,0,0,0,0,0,0,0
13170,2017,2017-02-04T00:00:00,50,4,461.5,120,0,0,0,0,60,0,0,0,0,0,0,0
13171,2017,2017-02-04T00:00:00,51,,0,0,0,0,0,0,0,0,0,0,0,0,0,0
13172,2017,2017-02-04T00:00:00,52,,0,0,0,0,0,0,0,0,0,0,0,0,0,0
13173,2017,2017-02-04T00:00:00,53,1,87,40,0,0,0,0,0,0,0,0,0,0,0,0
13174,2017,2017-02-04T00:00:00,54,1,173.9,80,0,0,0,0,0,0,0,0,0,0,0,0
13175,2017,2017-02-04T00:00:00,55,9,153.8,40,0,0,0,0,20,0,0,0,0,0,0,0
13176,2017,2017-02-04T00:00:00,56,9,307.7,80,0,0,0,0,40,0,0,0,0,0,0,0
13177,2017,2017-02-04T00:00:00,57,10,222.2,60,0,0,0,26.7,0,0,0,0,0,0,0,0
13178,2017,2017-02-04T00:00:00,58,10,222.2,60,0,0,0,26.7,0,0,0,0,0,0,0,0
13179,2017,2017-02-04T00:00:00,59,10,148.1,40,0,0,0,17.8,0,0,0,0,0,0,0,0
13180,2017,2017-02-04T00:00:00,60,10,296.3,80,0,0,0,35.6,0,0,0,0,0,0,0,0
13181,2017,2017-02-04T00:00:00,61,11,300,60,0,0,0,165,0,0,0,0,0,0,0,0
13182,2017,2017-02-04T00:00:00,62,11,400,80,0,0,0,220,0,0,0,0,0,0,0,0
13183,2017,2017-02-04T00:00:00,63,12,133.3,40,0,0,0,0,0,0,0,0,0,0,0,0
13184,2017,2017-02-04T00:00:00,64,12,266.7,80,0,0,0,0,0,0,0,0,0,0,0,0
13185,2017,2017-05-24T00:00:00,1,,0,0,0,0,0,0,0,0,0,0,0,0,0,0
13186,2017,2017-05-24T00:00:00,2,,0,0,0,0,0,0,0,0,0,0,0,0,0,0
13187,2017,2017-05-24T00:00:00,3,1,87,40,0,0,0,0,0,0,0,0,0,0,0,0
13188,2017,2017-05-24T00:00:00,4,1,130.4,60,0,0,0,0,0,0,0,0,0,0,0,0
13189,2017,2017-05-24T00:00:00,5,9,153.8,40,0,0,0,0,20,0,0,0,0,0,0,0
13190,2017,2017-05-24T00:00:00,6,9,230.8,60,0,0,0,0,30,0,0,0,0,0,0,0
13191,2017,2017-05-24T00:00:00,7,4,0,0,0,0,0,0,0,0,0,0,0,0,0,0
13192,2017,2017-05-24T00:00:00,8,4,0,0,0,0,0,0,0,0,0,0,0,0,0,0
13193,2017,2017-05-24T00:00:00,9,10,148.1,40,0,0,0,17.8,0,0,0,0,0,0,0,0
13194,2017,2017-05-24T00:00:00,10,10,222.2,60,0,0,0,26.7,0,0,0,0,0,0,0,0
13195,2017,2017-05-24T00:00:00,11,11,300,60,0,0,0,165,0,0,0,0,0,0,0,0
13196,2017,2017-05-24T00:00:00,12,11,300,60,0,0,0,165,0,0,0,0,0,0,0,0
13197,2017,2017-05-24T00:00:00,13,12,133.3,40,0,0,0,0,0,0,0,0,0,0,0,0
13198,2017,2017-05-24T00:00:00,14,12,200,60,0,0,0,0,0,0,0,0,0,0,0,0
13199,2017,2017-05-24T00:00:00,15,10,148.1,40,0,0,0,17.8,0,0,0,0,0,0,0,0
13200,2017,2017-05-24T00:00:00,16,10,296.3,80,0,0,0,35.6,0,0,0,0,0,0,0,0
13201,2017,2017-05-24T00:00:00,17,1,87,40,0,0,0,0,0,0,0,0,0,0,0,0
13202,2017,2017-05-24T00:00:00,18,1,130.4,60,0,0,0,0,0,0,0,0,0,0,0,0
13203,2017,2017-05-24T00:00:00,19,9,153.8,40,0,0,0,0,20,0,0,0,0,0,0,0
13204,2017,2017-05-24T00:00:00,20,9,230.8,60,0,0,0,0,30,0,0,0,0,0,0,0
13205,2017,2017-05-24T00:00:00,21,4,0,0,0,0,0,0,0,0,0,0,0,0,0,0
13206,2017,2017-05-24T00:00:00,22,4,0,0,0,0,0,0,0,0,0,0,0,0,0,0
13207,2017,2017-05-24T00:00:00,23,,0,0,0,0,0,0,0,0,0,0,0,0,0,0
13208,2017,2017-05-24T00:00:00,24,,0,0,0,0,0,0,0,0,0,0,0,0,0,0
13209,2017,2017-05-24T00:00:00,25,11,300,60,0,0,0,165,0,0,0,0,0,0,0,0
13210,2017,2017-05-24T00:00:00,26,11,300,60,0,0,0,165,0,0,0,0,0,0,0,0
13211,2017,2017-05-24T00:00:00,27,12,133.3,40,0,0,0,0,0,0,0,0,0,0,0,0
13212,2017,2017-05-24T00:00:00,28,12,200,60,0,0,0,0,0,0,0,0,0,0,0,0
13213,2017,2017-05-24T00:00:00,29,10,148.1,40,0,0,0,17.8,0,0,0,0,0,0,0,0
13214,2017,2017-05-24T00:00:00,30,10,296.3,80,0,0,0,35.6,0,0,0,0,0,0,0,0
13215,2017,2017-05-24T00:00:00,31,10,148.1,40,0,0,0,17.8,0,0,0,0,0,0,0,0
13216,2017,2017-05-24T00:00:00,32,10,222.2,60,0,0,0,26.7,0,0,0,0,0,0,0,0
13217,2017,2017-05-24T00:00:00,33,9,153.8,40,0,0,0,0,20,0,0,0,0,0,0,0
13218,2017,2017-05-24T00:00:00,34,9,230.8,60,0,0,0,0,30,0,0,0,0,0,0,0
13219,2017,2017-05-24T00:00:00,35,4,0,0,0,0,0,0,0,0,0,0,0,0,0,0
13220,2017,2017-05-24T00:00:00,36,4,0,0,0,0,0,0,0,0,0,0,0,0,0,0
13221,2017,2017-05-24T00:00:00,37,,0,0,0,0,0,0,0,0,0,0,0,0,0,0
13222,2017,2017-05-24T00:00:00,38,,0,0,0,0,0,0,0,0,0,0,0,0,0,0
13223,2017,2017-05-24T00:00:00,39,1,87,40,0,0,0,0,0,0,0,0,0,0,0,0
13224,2017,2017-05-24T00:00:00,40,1,130.4,60,0,0,0,0,0,0,0,0,0,0,0,0
13225,2017,2017-05-24T00:00:00,41,12,133.3,40,0,0,0,0,0,0,0,0,0,0,0,0
13226,2017,2017-05-24T00:00:00,42,12,200,60,0,0,0,0,0,0,0,0,0,0,0,0
13227,2017,2017-05-24T00:00:00,43,10,148.1,40,0,0,0,17.8,0,0,0,0,0,0,0,0
13228,2017,2017-05-24T00:00:00,44,10,296.3,80,0,0,0,35.6,0,0,0,0,0,0,0,0
13229,2017,2017-05-24T00:00:00,45,10,148.1,40,0,0,0,17.8,0,0,0,0,0,0,0,0
13230,2017,2017-05-24T00:00:00,46,10,222.2,60,0,0,0,26.7,0,0,0,0,0,0,0,0
13231,2017,2017-05-24T00:00:00,47,11,300,60,0,0,0,165,0,0,0,0,0,0,0,0
13232,2017,2017-05-24T00:00:00,48,11,300,60,0,0,0,165,0,0,0,0,0,0,0,0
13233,2017,2017-05-24T00:00:00,49,4,0,0,0,0,0,0,0,0,0,0,0,0,0,0
13234,2017,2017-05-24T00:00:00,50,4,0,0,0,0,0,0,0,0,0,0,0,0,0,0
13235,2017,2017-05-24T00:00:00,51,,0,0,0,0,0,0,0,0,0,0,0,0,0,0
13236,2017,2017-05-24T00:00:00,52,,0,0,0,0,0,0,0,0,0,0,0,0,0,0
13237,2017,2017-05-24T00:00:00,53,1,87,40,0,0,0,0,0,0,0,0,0,0,0,0
13238,2017,2017-05-24T00:00:00,54,1,130.4,60,0,0,0,0,0,0,0,0,0,0,0,0
13239,2017,2017-05-24T00:00:00,55,9,153.8,40,0,0,0,0,20,0,0,0,0,0,0,0
13240,2017,2017-05-24T00:00:00,56,9,230.8,60,0,0,0,0,30,0,0,0,0,0,0,0
13241,2017,2017-05-24T00:00:00,57,10,148.1,40,0,0,0,17.8,0,0,0,0,0,0,0,0
13242,2017,2017-05-24T00:00:00,58,10,296.3,80,0,0,0,35.6,0,0,0,0,0,0,0,0
13243,2017,2017-05-24T00:00:00,59,10,148.1,40,0,0,0,17.8,0,0,0,0,0,0,0,0
13244,2017,2017-05-24T00:00:00,60,10,222.2,60,0,0,0,26.7,0,0,0,0,0,0,0,0
13245,2017,2017-05-24T00:00:00,61,11,300,60,0,0,0,165,0,0,0,0,0,0,0,0
13246,2017,2017-05-24T00:00:00,62,11,300,60,0,0,0,165,0,0,0,0,0,0,0,0
13247,2017,2017-05-24T00:00:00,63,12,133.3,40,0,0,0,0,0,0,0,0,0,0,0,0
13248,2017,2017-05-24T00:00:00,64,12,200,60,0,0,0,0,0,0,0,0,0,0,0,0
13249,2017,2017-06-13T00:00:00,1,,0,0,0,0,0,0,0,0,0,0,0,0,0,0
13250,2017,2017-06-13T00:00:00,2,,0,0,0,0,0,0,0,0,0,0,0,0,0,0
13251,2017,2017-06-13T00:00:00,3,1,87,40,0,0,0,0,0,0,0,0,0,0,0,0
13252,2017,2017-06-13T00:00:00,4,1,87,40,0,0,0,0,0,0,0,0,0,0,0,0
13253,2017,2017-06-13T00:00:00,5,9,153.8,40,0,0,0,0,20,0,0,0,0,0,0,0
13254,2017,2017-06-13T00:00:00,6,9,153.8,40,0,0,0,0,20,0,0,0,0,0,0,0
13255,2017,2017-06-13T00:00:00,7,10,148.1,40,0,0,0,17.8,0,0,0,0,0,0,0,0
13256,2017,2017-06-13T00:00:00,8,10,222.2,60,0,0,0,26.7,0,0,0,0,0,0,0,0
13257,2017,2017-06-13T00:00:00,9,10,148.1,40,0,0,0,17.8,0,0,0,0,0,0,0,0
13258,2017,2017-06-13T00:00:00,10,10,148.1,40,0,0,0,17.8,0,0,0,0,0,0,0,0
13259,2017,2017-06-13T00:00:00,11,11,0,0,0,0,0,0,0,0,0,0,0,0,0,0
13260,2017,2017-06-13T00:00:00,12,10,148.1,40,0,0,0,17.8,0,0,0,0,0,0,0,0
13261,2017,2017-06-22T00:00:00,13,12,133.3,40,0,0,0,0,0,0,0,0,0,0,0,0
13262,2017,2017-06-22T00:00:00,14,12,133.3,40,0,0,0,0,0,0,0,0,0,0,0,0
13263,2017,2017-06-13T00:00:00,15,10,74.1,20,0,0,0,8.9,0,0,0,0,0,0,0,0
13264,2017,2017-06-13T00:00:00,16,10,148.1,40,0,0,0,17.8,0,0,0,0,0,0,0,0
13265,2017,2017-06-13T00:00:00,17,1,87,40,0,0,0,0,0,0,0,0,0,0,0,0
13266,2017,2017-06-13T00:00:00,18,1,87,40,0,0,0,0,0,0,0,0,0,0,0,0
13267,2017,2017-06-13T00:00:00,19,9,153.8,40,0,0,0,0,20,0,0,0,0,0,0,0
13268,2017,2017-06-13T00:00:00,20,9,153.8,40,0,0,0,0,20,0,0,0,0,0,0,0
13269,2017,2017-06-13T00:00:00,21,10,148.1,40,0,0,0,17.8,0,0,0,0,0,0,0,0
13270,2017,2017-06-13T00:00:00,22,10,222.2,60,0,0,0,26.7,0,0,0,0,0,0,0,0
13271,2017,2017-06-13T00:00:00,23,,0,0,0,0,0,0,0,0,0,0,0,0,0,0
13272,2017,2017-06-13T00:00:00,24,,0,0,0,0,0,0,0,0,0,0,0,0,0,0
13273,2017,2017-06-13T00:00:00,25,11,0,0,0,0,0,0,0,0,0,0,0,0,0,0
13274,2017,2017-06-13T00:00:00,26,10,148.1,40,0,0,0,17.8,0,0,0,0,0,0,0,0
13275,2017,2017-06-22T00:00:00,27,12,133.3,40,0,0,0,0,0,0,0,0,0,0,0,0
13276,2017,2017-06-22T00:00:00,28,12,133.3,40,0,0,0,0,0,0,0,0,0,0,0,0
13277,2017,2017-06-13T00:00:00,29,10,74.1,20,0,0,0,8.9,0,0,0,0,0,0,0,0
13278,2017,2017-06-13T00:00:00,30,10,148.1,40,0,0,0,17.8,0,0,0,0,0,0,0,0
13279,2017,2017-06-13T00:00:00,31,10,148.1,40,0,0,0,17.8,0,0,0,0,0,0,0,0
13280,2017,2017-06-13T00:00:00,32,10,148.1,40,0,0,0,17.8,0,0,0,0,0,0,0,0
13281,2017,2017-06-13T00:00:00,33,9,153.8,40,0,0,0,0,20,0,0,0,0,0,0,0
13282,2017,2017-06-13T00:00:00,34,9,153.8,40,0,0,0,0,20,0,0,0,0,0,0,0
13283,2017,2017-06-13T00:00:00,35,10,148.1,40,0,0,0,17.8,0,0,0,0,0,0,0,0
13284,2017,2017-06-13T00:00:00,36,10,222.2,60,0,0,0,26.7,0,0,0,0,0,0,0,0
13285,2017,2017-06-13T00:00:00,37,,0,0,0,0,0,0,0,0,0,0,0,0,0,0
13286,2017,2017-06-13T00:00:00,38,,0,0,0,0,0,0,0,0,0,0,0,0,0,0
13287,2017,2017-06-13T00:00:00,39,1,87,40,0,0,0,0,0,0,0,0,0,0,0,0
13288,2017,2017-06-13T00:00:00,40,1,87,40,0,0,0,0,0,0,0,0,0,0,0,0
13289,2017,2017-06-22T00:00:00,41,12,133.3,40,0,0,0,0,0,0,0,0,0,0,0,0
13290,2017,2017-06-22T00:00:00,42,12,133.3,40,0,0,0,0,0,0,0,0,0,0,0,0
13291,2017,2017-06-13T00:00:00,43,10,74.1,20,0,0,0,8.9,0,0,0,0,0,0,0,0
13292,2017,2017-06-13T00:00:00,44,10,148.1,40,0,0,0,17.8,0,0,0,0,0,0,0,0
13293,2017,2017-06-13T00:00:00,45,10,148.1,40,0,0,0,17.8,0,0,0,0,0,0,0,0
13294,2017,2017-06-13T00:00:00,46,10,148.1,40,0,0,0,17.8,0,0,0,0,0,0,0,0
13295,2017,2017-06-13T00:00:00,47,11,0,0,0,0,0,0,0,0,0,0,0,0,0,0
13296,2017,2017-06-13T00:00:00,48,10,148.1,40,0,0,0,17.8,0,0,0,0,0,0,0,0
13297,2017,2017-06-13T00:00:00,49,10,148.1,40,0,0,0,17.8,0,0,0,0,0,0,0,0
13298,2017,2017-06-13T00:00:00,50,10,222.2,60,0,0,0,26.7,0,0,0,0,0,0,0,0
13299,2017,2017-06-13T00:00:00,51,,0,0,0,0,0,0,0,0,0,0,0,0,0,0
13300,2017,2017-06-13T00:00:00,52,,0,0,0,0,0,0,0,0,0,0,0,0,0,0
13301,2017,2017-06-13T00:00:00,53,1,87,40,0,0,0,0,0,0,0,0,0,0,0,0
13302,2017,2017-06-13T00:00:00,54,1,87,40,0,0,0,0,0,0,0,0,0,0,0,0
13303,2017,2017-06-13T00:00:00,55,9,153.8,40,0,0,0,0,20,0,0,0,0,0,0,0
13304,2017,2017-06-13T00:00:00,56,9,153.8,40,0,0,0,0,20,0,0,0,0,0,0,0
13305,2017,2017-06-13T00:00:00,57,10,74.1,20,0,0,0,8.9,0,0,0,0,0,0,0,0
13306,2017,2017-06-13T00:00:00,58,10,148.1,40,0,0,0,17.8,0,0,0,0,0,0,0,0
13307,2017,2017-06-13T00:00:00,59,10,148.1,40,0,0,0,17.8,0,0,0,0,0,0,0,0
13308,2017,2017-06-13T00:00:00,60,10,148.1,40,0,0,0,17.8,0,0,0,0,0,0,0,0
13309,2017,2017-06-13T00:00:00,61,11,0,0,0,0,0,0,0,0,0,0,0,0,0,0
13310,2017,2017-06-13T00:00:00,62,10,148.1,40,0,0,0,17.8,0,0,0,0,0,0,0,0
13311,2017,2017-06-22T00:00:00,63,12,133.3,40,0,0,0,0,0,0,0,0,0,0,0,0
13312,2017,2017-06-22T00:00:00,64,12,133.3,40,0,0,0,0,0,0,0,0,0,0,0,0
13313,2018,2018-04-25T00:00:00,1,15,195.7,0,90,0,0,0,0,0,0,0,0,0,0,0
13314,2018,2018-04-25T00:00:00,2,15,195.7,0,90,0,0,0,0,0,0,0,0,0,0,0
13315,2018,2018-04-25T00:00:00,3,15,195.7,0,90,0,0,0,0,0,0,0,0,0,0,0
13316,2018,2018-04-25T00:00:00,4,15,195.7,0,90,0,0,0,0,0,0,0,0,0,0,0
13317,2018,2018-04-25T00:00:00,5,15,195.7,0,90,0,0,0,0,0,0,0,0,0,0,0
13318,2018,2018-04-25T00:00:00,6,15,195.7,0,90,0,0,0,0,0,0,0,0,0,0,0
13319,2018,2018-04-25T00:00:00,7,15,195.7,0,90,0,0,0,0,0,0,0,0,0,0,0
13320,2018,2018-04-25T00:00:00,8,15,195.7,0,90,0,0,0,0,0,0,0,0,0,0,0
13321,2018,2018-04-25T00:00:00,9,15,195.7,0,90,0,0,0,0,0,0,0,0,0,0,0
13322,2018,2018-04-25T00:00:00,10,15,195.7,0,90,0,0,0,0,0,0,0,0,0,0,0
13323,2018,2018-04-25T00:00:00,11,15,195.7,0,90,0,0,0,0,0,0,0,0,0,0,0
13324,2018,2018-04-25T00:00:00,12,15,195.7,0,90,0,0,0,0,0,0,0,0,0,0,0
13325,2018,2018-04-25T00:00:00,13,15,195.7,0,90,0,0,0,0,0,0,0,0,0,0,0
13326,2018,2018-04-25T00:00:00,14,15,195.7,0,90,0,0,0,0,0,0,0,0,0,0,0
13327,2018,2018-04-25T00:00:00,15,15,195.7,0,90,0,0,0,0,0,0,0,0,0,0,0
13328,2018,2018-04-25T00:00:00,16,15,195.7,0,90,0,0,0,0,0,0,0,0,0,0,0
13329,2018,2018-04-25T00:00:00,17,15,195.7,0,90,0,0,0,0,0,0,0,0,0,0,0
13330,2018,2018-04-25T00:00:00,18,15,195.7,0,90,0,0,0,0,0,0,0,0,0,0,0
13331,2018,2018-04-25T00:00:00,19,15,195.7,0,90,0,0,0,0,0,0,0,0,0,0,0
13332,2018,2018-04-25T00:00:00,20,15,195.7,0,90,0,0,0,0,0,0,0,0,0,0,0
13333,2018,2018-04-25T00:00:00,21,15,195.7,0,90,0,0,0,0,0,0,0,0,0,0,0
13334,2018,2018-04-25T00:00:00,22,15,195.7,0,90,0,0,0,0,0,0,0,0,0,0,0
13335,2018,2018-04-25T00:00:00,23,15,195.7,0,90,0,0,0,0,0,0,0,0,0,0,0
13336,2018,2018-04-25T00:00:00,24,15,195.7,0,90,0,0,0,0,0,0,0,0,0,0,0
13337,2018,2018-04-25T00:00:00,25,15,195.7,0,90,0,0,0,0,0,0,0,0,0,0,0
13338,2018,2018-04-25T00:00:00,26,15,195.7,0,90,0,0,0,0,0,0,0,0,0,0,0
13339,2018,2018-04-25T00:00:00,27,15,195.7,0,90,0,0,0,0,0,0,0,0,0,0,0
13340,2018,2018-04-25T00:00:00,28,15,195.7,0,90,0,0,0,0,0,0,0,0,0,0,0
13341,2018,2018-04-25T00:00:00,29,15,195.7,0,90,0,0,0,0,0,0,0,0,0,0,0
13342,2018,2018-04-25T00:00:00,30,15,195.7,0,90,0,0,0,0,0,0,0,0,0,0,0
13343,2018,2018-04-25T00:00:00,31,15,195.7,0,90,0,0,0,0,0,0,0,0,0,0,0
13344,2018,2018-04-25T00:00:00,32,15,195.7,0,90,0,0,0,0,0,0,0,0,0,0,0
13345,2018,2018-04-25T00:00:00,33,15,195.7,0,90,0,0,0,0,0,0,0,0,0,0,0
13346,2018,2018-04-25T00:00:00,34,15,195.7,0,90,0,0,0,0,0,0,0,0,0,0,0
13347,2018,2018-04-25T00:00:00,35,15,195.7,0,90,0,0,0,0,0,0,0,0,0,0,0
13348,2018,2018-04-25T00:00:00,36,15,195.7,0,90,0,0,0,0,0,0,0,0,0,0,0
13349,2018,2018-04-25T00:00:00,37,15,195.7,0,90,0,0,0,0,0,0,0,0,0,0,0
13350,2018,2018-04-25T00:00:00,38,15,195.7,0,90,0,0,0,0,0,0,0,0,0,0,0
13351,2018,2018-04-25T00:00:00,39,15,195.7,0,90,0,0,0,0,0,0,0,0,0,0,0
13352,2018,2018-04-25T00:00:00,40,15,195.7,0,90,0,0,0,0,0,0,0,0,0,0,0
13353,2018,2018-04-25T00:00:00,41,15,195.7,0,90,0,0,0,0,0,0,0,0,0,0,0
13354,2018,2018-04-25T00:00:00,42,15,195.7,0,90,0,0,0,0,0,0,0,0,0,0,0
13355,2018,2018-04-25T00:00:00,43,15,195.7,0,90,0,0,0,0,0,0,0,0,0,0,0
13356,2018,2018-04-25T00:00:00,44,15,195.7,0,90,0,0,0,0,0,0,0,0,0,0,0
13357,2018,2018-04-25T00:00:00,45,15,195.7,0,90,0,0,0,0,0,0,0,0,0,0,0
13358,2018,2018-04-25T00:00:00,46,15,195.7,0,90,0,0,0,0,0,0,0,0,0,0,0
13359,2018,2018-04-25T00:00:00,47,15,195.7,0,90,0,0,0,0,0,0,0,0,0,0,0
13360,2018,2018-04-25T00:00:00,48,15,195.7,0,90,0,0,0,0,0,0,0,0,0,0,0
13361,2018,2018-04-25T00:00:00,49,15,195.7,0,90,0,0,0,0,0,0,0,0,0,0,0
13362,2018,2018-04-25T00:00:00,50,15,195.7,0,90,0,0,0,0,0,0,0,0,0,0,0
13363,2018,2018-04-25T00:00:00,51,15,195.7,0,90,0,0,0,0,0,0,0,0,0,0,0
13364,2018,2018-04-25T00:00:00,52,15,195.7,0,90,0,0,0,0,0,0,0,0,0,0,0
13365,2018,2018-04-25T00:00:00,53,15,195.7,0,90,0,0,0,0,0,0,0,0,0,0,0
13366,2018,2018-04-25T00:00:00,54,15,195.7,0,90,0,0,0,0,0,0,0,0,0,0,0
13367,2018,2018-04-25T00:00:00,55,15,195.7,0,90,0,0,0,0,0,0,0,0,0,0,0
13368,2018,2018-04-25T00:00:00,56,15,195.7,0,90,0,0,0,0,0,0,0,0,0,0,0
13369,2018,2018-04-25T00:00:00,57,15,195.7,0,90,0,0,0,0,0,0,0,0,0,0,0
13370,2018,2018-04-25T00:00:00,58,15,195.7,0,90,0,0,0,0,0,0,0,0,0,0,0
13371,2018,2018-04-25T00:00:00,59,15,195.7,0,90,0,0,0,0,0,0,0,0,0,0,0
13372,2018,2018-04-25T00:00:00,60,15,195.7,0,90,0,0,0,0,0,0,0,0,0,0,0
13373,2018,2018-04-25T00:00:00,61,15,195.7,0,90,0,0,0,0,0,0,0,0,0,0,0
13374,2018,2018-04-25T00:00:00,62,15,195.7,0,90,0,0,0,0,0,0,0,0,0,0,0
13375,2018,2018-04-25T00:00:00,63,15,195.7,0,90,0,0,0,0,0,0,0,0,0,0,0
13376,2018,2018-04-25T00:00:00,64,15,195.7,0,90,0,0,0,0,0,0,0,0,0,0,0
13377,2018,2018-05-30T00:00:00,1,,0,0,0,0,0,0,0,0,0,0,0,0,0,0
13378,2018,2018-05-30T00:00:00,2,,0,0,0,0,0,0,0,0,0,0,0,0,0,0
13379,2018,2018-05-30T00:00:00,3,1,173.9,80,0,0,0,0,0,0,0,0,0,0,0,0
13380,2018,2018-05-30T00:00:00,4,1,260.9,120,0,0,0,0,0,0,0,0,0,0,0,0
13381,2018,2018-05-30T00:00:00,5,9,307.7,80,0,0,0,0,40,0,0,0,0,0,0,0
13382,2018,2018-05-30T00:00:00,6,9,461.5,120,0,0,0,0,60,0,0,0,0,0,0,0
13383,2018,2018-05-30T00:00:00,7,4,461.5,120,0,0,0,0,60,0,0,0,0,0,0,0
13384,2018,2018-05-30T00:00:00,8,4,692.3,180,0,0,0,0,90,0,0,0,0,0,0,0
13385,2018,2018-05-30T00:00:00,9,10,148.1,40,0,0,0,17.8,0,0,0,0,0,0,0,0
13386,2018,2018-05-30T00:00:00,10,10,222.2,60,0,0,0,26.7,0,0,0,0,0,0,0,0
13387,2018,2018-05-30T00:00:00,11,11,400,80,0,0,0,220,0,0,0,0,0,0,0,0
13388,2018,2018-05-30T00:00:00,12,11,500,100,0,0,0,275,0,0,0,0,0,0,0,0
13389,2018,2018-05-30T00:00:00,13,12,133.3,40,0,0,0,0,0,0,0,0,0,0,0,0
13390,2018,2018-05-30T00:00:00,14,12,200,60,0,0,0,0,0,0,0,0,0,0,0,0
13391,2018,2018-05-30T00:00:00,15,10,296.3,80,0,0,0,35.6,0,0,0,0,0,0,0,0
13392,2018,2018-05-30T00:00:00,16,10,444.4,120,0,0,0,53.3,0,0,0,0,0,0,0,0
13393,2018,2018-05-30T00:00:00,17,1,173.9,80,0,0,0,0,0,0,0,0,0,0,0,0
13394,2018,2018-05-30T00:00:00,18,1,260.9,120,0,0,0,0,0,0,0,0,0,0,0,0
13395,2018,2018-05-30T00:00:00,19,9,307.7,80,0,0,0,0,40,0,0,0,0,0,0,0
13396,2018,2018-05-30T00:00:00,20,9,461.5,120,0,0,0,0,60,0,0,0,0,0,0,0
13397,2018,2018-05-30T00:00:00,21,4,461.5,120,0,0,0,0,60,0,0,0,0,0,0,0
13398,2018,2018-05-30T00:00:00,22,4,692.3,180,0,0,0,0,90,0,0,0,0,0,0,0
13399,2018,2018-05-30T00:00:00,23,,0,0,0,0,0,0,0,0,0,0,0,0,0,0
13400,2018,2018-05-30T00:00:00,24,,0,0,0,0,0,0,0,0,0,0,0,0,0,0
13401,2018,2018-05-30T00:00:00,25,11,400,80,0,0,0,220,0,0,0,0,0,0,0,0
13402,2018,2018-05-30T00:00:00,26,11,500,100,0,0,0,275,0,0,0,0,0,0,0,0
13403,2018,2018-05-30T00:00:00,27,12,133.3,40,0,0,0,0,0,0,0,0,0,0,0,0
13404,2018,2018-05-30T00:00:00,28,12,200,60,0,0,0,0,0,0,0,0,0,0,0,0
13405,2018,2018-05-30T00:00:00,29,10,296.3,80,0,0,0,35.6,0,0,0,0,0,0,0,0
13406,2018,2018-05-30T00:00:00,30,10,444.4,120,0,0,0,53.3,0,0,0,0,0,0,0,0
13407,2018,2018-05-30T00:00:00,31,10,148.1,40,0,0,0,17.8,0,0,0,0,0,0,0,0
13408,2018,2018-05-30T00:00:00,32,10,222.2,60,0,0,0,26.7,0,0,0,0,0,0,0,0
13409,2018,2018-05-30T00:00:00,33,9,307.7,80,0,0,0,0,40,0,0,0,0,0,0,0
13410,2018,2018-05-30T00:00:00,34,9,461.5,120,0,0,0,0,60,0,0,0,0,0,0,0
13411,2018,2018-05-30T00:00:00,35,4,461.5,120,0,0,0,0,60,0,0,0,0,0,0,0
13412,2018,2018-05-30T00:00:00,36,4,692.3,180,0,0,0,0,90,0,0,0,0,0,0,0
13413,2018,2018-05-30T00:00:00,37,,0,0,0,0,0,0,0,0,0,0,0,0,0,0
13414,2018,2018-05-30T00:00:00,38,,0,0,0,0,0,0,0,0,0,0,0,0,0,0
13415,2018,2018-05-30T00:00:00,39,1,173.9,80,0,0,0,0,0,0,0,0,0,0,0,0
13416,2018,2018-05-30T00:00:00,40,1,260.9,120,0,0,0,0,0,0,0,0,0,0,0,0
13417,2018,2018-05-30T00:00:00,41,12,133.3,40,0,0,0,0,0,0,0,0,0,0,0,0
13418,2018,2018-05-30T00:00:00,42,12,200,60,0,0,0,0,0,0,0,0,0,0,0,0
13419,2018,2018-05-30T00:00:00,43,10,296.3,80,0,0,0,35.6,0,0,0,0,0,0,0,0
13420,2018,2018-05-30T00:00:00,44,10,444.4,120,0,0,0,53.3,0,0,0,0,0,0,0,0
13421,2018,2018-05-30T00:00:00,45,10,148.1,40,0,0,0,17.8,0,0,0,0,0,0,0,0
13422,2018,2018-05-30T00:00:00,46,10,222.2,60,0,0,0,26.7,0,0,0,0,0,0,0,0
13423,2018,2018-05-30T00:00:00,47,11,400,80,0,0,0,220,0,0,0,0,0,0,0,0
13424,2018,2018-05-30T00:00:00,48,11,500,100,0,0,0,275,0,0,0,0,0,0,0,0
13425,2018,2018-05-30T00:00:00,49,4,461.5,120,0,0,0,0,60,0,0,0,0,0,0,0
13426,2018,2018-05-30T00:00:00,50,4,692.3,180,0,0,0,0,90,0,0,0,0,0,0,0
13427,2018,2018-05-30T00:00:00,51,,0,0,0,0,0,0,0,0,0,0,0,0,0,0
13428,2018,2018-05-30T00:00:00,52,,0,0,0,0,0,0,0,0,0,0,0,0,0,0
13429,2018,2018-05-30T00:00:00,53,1,173.9,80,0,0,0,0,0,0,0,0,0,0,0,0
13430,2018,2018-05-30T00:00:00,54,1,260.9,120,0,0,0,0,0,0,0,0,0,0,0,0
13431,2018,2018-05-30T00:00:00,55,9,307.7,80,0,0,0,0,40,0,0,0,0,0,0,0
13432,2018,2018-05-30T00:00:00,56,9,461.5,120,0,0,0,0,60,0,0,0,0,0,0,0
13433,2018,2018-05-30T00:00:00,57,10,296.3,80,0,0,0,35.6,0,0,0,0,0,0,0,0
13434,2018,2018-05-30T00:00:00,58,10,444.4,120,0,0,0,53.3,0,0,0,0,0,0,0,0
13435,2018,2018-05-30T00:00:00,59,10,148.1,40,0,0,0,17.8,0,0,0,0,0,0,0,0
13436,2018,2018-05-30T00:00:00,60,10,222.2,60,0,0,0,26.7,0,0,0,0,0,0,0,0
13437,2018,2018-05-30T00:00:00,61,11,400,80,0,0,0,220,0,0,0,0,0,0,0,0
13438,2018,2018-05-30T00:00:00,62,11,500,100,0,0,0,275,0,0,0,0,0,0,0,0
13439,2018,2018-05-30T00:00:00,63,12,133.3,40,0,0,0,0,0,0,0,0,0,0,0,0
13440,2018,2018-05-30T00:00:00,64,12,200,60,0,0,0,0,0,0,0,0,0,0,0,0
13441,2018,2018-06-12T00:00:00,1,,0,0,0,0,0,0,0,0,0,0,0,0,0,0
13442,2018,2018-06-12T00:00:00,2,,0,0,0,0,0,0,0,0,0,0,0,0,0,0
13443,2018,2018-06-12T00:00:00,3,1,87,40,0,0,0,0,0,0,0,0,0,0,0,0
13444,2018,2018-06-12T00:00:00,4,1,130.4,60,0,0,0,0,0,0,0,0,0,0,0,0
13445,2018,2018-06-12T00:00:00,5,9,153.8,40,0,0,0,0,20,0,0,0,0,0,0,0
13446,2018,2018-06-12T00:00:00,6,9,230.8,60,0,0,0,0,30,0,0,0,0,0,0,0
13447,2018,2018-06-12T00:00:00,7,4,0,0,0,0,0,0,0,0,0,0,0,0,0,0
13448,2018,2018-06-12T00:00:00,8,4,0,0,0,0,0,0,0,0,0,0,0,0,0,0
13449,2018,2018-06-12T00:00:00,9,10,296.3,80,0,0,0,35.6,0,0,0,0,0,0,0,0
13450,2018,2018-06-12T00:00:00,10,10,444.4,120,0,0,0,53.3,0,0,0,0,0,0,0,0
13451,2018,2018-06-12T00:00:00,11,10,148.1,40,0,0,0,17.8,0,0,0,0,0,0,0,0
13452,2018,2018-06-12T00:00:00,12,10,296.3,80,0,0,0,35.6,0,0,0,0,0,0,0,0
13453,2018,2018-06-14T00:00:00,13,12,266.7,80,0,0,0,0,0,0,0,0,0,0,0,0
13454,2018,2018-06-14T00:00:00,14,12,400,120,0,0,0,0,0,0,0,0,0,0,0,0
13455,2018,2018-06-12T00:00:00,15,10,148.1,40,0,0,0,17.8,0,0,0,0,0,0,0,0
13456,2018,2018-06-12T00:00:00,16,10,222.2,60,0,0,0,26.7,0,0,0,0,0,0,0,0
13457,2018,2018-06-12T00:00:00,17,1,87,40,0,0,0,0,0,0,0,0,0,0,0,0
13458,2018,2018-06-12T00:00:00,18,1,130.4,60,0,0,0,0,0,0,0,0,0,0,0,0
13459,2018,2018-06-12T00:00:00,19,9,153.8,40,0,0,0,0,20,0,0,0,0,0,0,0
13460,2018,2018-06-12T00:00:00,20,9,230.8,60,0,0,0,0,30,0,0,0,0,0,0,0
13461,2018,2018-06-12T00:00:00,21,4,0,0,0,0,0,0,0,0,0,0,0,0,0,0
13462,2018,2018-06-12T00:00:00,22,4,0,0,0,0,0,0,0,0,0,0,0,0,0,0
13463,2018,2018-06-12T00:00:00,23,,0,0,0,0,0,0,0,0,0,0,0,0,0,0
13464,2018,2018-06-12T00:00:00,24,,0,0,0,0,0,0,0,0,0,0,0,0,0,0
13465,2018,2018-06-12T00:00:00,25,10,148.1,40,0,0,0,17.8,0,0,0,0,0,0,0,0
13466,2018,2018-06-12T00:00:00,26,10,296.3,80,0,0,0,35.6,0,0,0,0,0,0,0,0
13467,2018,2018-06-14T00:00:00,27,12,266.7,80,0,0,0,0,0,0,0,0,0,0,0,0
13468,2018,2018-06-14T00:00:00,28,12,400,120,0,0,0,0,0,0,0,0,0,0,0,0
13469,2018,2018-06-12T00:00:00,29,10,148.1,40,0,0,0,17.8,0,0,0,0,0,0,0,0
13470,2018,2018-06-12T00:00:00,30,10,222.2,60,0,0,0,26.7,0,0,0,0,0,0,0,0
13471,2018,2018-06-12T00:00:00,31,10,296.3,80,0,0,0,35.6,0,0,0,0,0,0,0,0
13472,2018,2018-06-12T00:00:00,32,10,444.4,120,0,0,0,53.3,0,0,0,0,0,0,0,0
13473,2018,2018-06-12T00:00:00,33,9,153.8,40,0,0,0,0,20,0,0,0,0,0,0,0
13474,2018,2018-06-12T00:00:00,34,9,230.8,60,0,0,0,0,30,0,0,0,0,0,0,0
13475,2018,2018-06-12T00:00:00,35,4,0,0,0,0,0,0,0,0,0,0,0,0,0,0
13476,2018,2018-06-12T00:00:00,36,4,0,0,0,0,0,0,0,0,0,0,0,0,0,0
13477,2018,2018-06-12T00:00:00,37,,0,0,0,0,0,0,0,0,0,0,0,0,0,0
13478,2018,2018-06-12T00:00:00,38,,0,0,0,0,0,0,0,0,0,0,0,0,0,0
13479,2018,2018-06-12T00:00:00,39,1,87,40,0,0,0,0,0,0,0,0,0,0,0,0
13480,2018,2018-06-12T00:00:00,40,1,130.4,60,0,0,0,0,0,0,0,0,0,0,0,0
13481,2018,2018-06-14T00:00:00,41,12,266.7,80,0,0,0,0,0,0,0,0,0,0,0,0
13482,2018,2018-06-14T00:00:00,42,12,400,120,0,0,0,0,0,0,0,0,0,0,0,0
13483,2018,2018-06-12T00:00:00,43,10,148.1,40,0,0,0,17.8,0,0,0,0,0,0,0,0
13484,2018,2018-06-12T00:00:00,44,10,222.2,60,0,0,0,26.7,0,0,0,0,0,0,0,0
13485,2018,2018-06-12T00:00:00,45,10,296.3,80,0,0,0,35.6,0,0,0,0,0,0,0,0
13486,2018,2018-06-12T00:00:00,46,10,444.4,120,0,0,0,53.3,0,0,0,0,0,0,0,0
13487,2018,2018-06-12T00:00:00,47,10,148.1,40,0,0,0,17.8,0,0,0,0,0,0,0,0
13488,2018,2018-06-12T00:00:00,48,10,296.3,80,0,0,0,35.6,0,0,0,0,0,0,0,0
13489,2018,2018-06-12T00:00:00,49,4,0,0,0,0,0,0,0,0,0,0,0,0,0,0
13490,2018,2018-06-12T00:00:00,50,4,0,0,0,0,0,0,0,0,0,0,0,0,0,0
13491,2018,2018-06-12T00:00:00,51,,0,0,0,0,0,0,0,0,0,0,0,0,0,0
13492,2018,2018-06-12T00:00:00,52,,0,0,0,0,0,0,0,0,0,0,0,0,0,0
13493,2018,2018-06-12T00:00:00,53,1,87,40,0,0,0,0,0,0,0,0,0,0,0,0
13494,2018,2018-06-12T00:00:00,54,1,130.4,60,0,0,0,0,0,0,0,0,0,0,0,0
13495,2018,2018-06-12T00:00:00,55,9,153.8,40,0,0,0,0,20,0,0,0,0,0,0,0
13496,2018,2018-06-12T00:00:00,56,9,230.8,60,0,0,0,0,30,0,0,0,0,0,0,0
13497,2018,2018-06-12T00:00:00,57,10,148.1,40,0,0,0,17.8,0,0,0,0,0,0,0,0
13498,2018,2018-06-12T00:00:00,58,10,222.2,60,0,0,0,26.7,0,0,0,0,0,0,0,0
13499,2018,2018-06-12T00:00:00,59,10,296.3,80,0,0,0,35.6,0,0,0,0,0,0,0,0
13500,2018,2018-06-12T00:00:00,60,10,444.4,120,0,0,0,53.3,0,0,0,0,0,0,0,0
13501,2018,2018-06-12T00:00:00,61,10,148.1,40,0,0,0,17.8,0,0,0,0,0,0,0,0
13502,2018,2018-06-12T00:00:00,62,10,296.3,80,0,0,0,35.6,0,0,0,0,0,0,0,0
13503,2018,2018-06-14T00:00:00,63,12,266.7,80,0,0,0,0,0,0,0,0,0,0,0,0
13504,2018,2018-06-14T00:00:00,64,12,400,120,0,0,0,0,0,0,0,0,0,0,0,0
13505,2019,2019-03-27T00:00:00,1,,0,0,0,0,0,0,0,0,0,0,0,0,0,0
13506,2019,2019-03-27T00:00:00,2,,0,0,0,0,0,0,0,0,0,0,0,0,0,0
13507,2019,2019-03-27T00:00:00,3,1,87,40,0,0,0,0,0,0,0,0,0,0,0,0
13508,2019,2019-03-27T00:00:00,4,1,173.9,80,0,0,0,0,0,0,0,0,0,0,0,0
13509,2019,2019-03-27T00:00:00,5,9,153.8,40,0,0,0,0,20,0,0,0,0,0,0,0
13510,2019,2019-03-27T00:00:00,6,9,307.7,80,0,0,0,0,40,0,0,0,0,0,0,0
13511,2019,2019-03-27T00:00:00,7,4,307.7,80,0,0,0,0,40,0,0,0,0,0,0,0
13512,2019,2019-03-27T00:00:00,8,4,461.5,120,0,0,0,0,60,0,0,0,0,0,0,0
13513,2019,2019-03-27T00:00:00,9,10,148.1,40,0,0,0,17.8,0,0,0,0,0,0,0,0
13514,2019,2019-03-27T00:00:00,10,10,296.3,80,0,0,0,35.6,0,0,0,0,0,0,0,0
13515,2019,2019-03-27T00:00:00,11,11,300,60,0,0,0,165,0,0,0,0,0,0,0,0
13516,2019,2019-03-27T00:00:00,12,11,400,80,0,0,0,220,0,0,0,0,0,0,0,0
13517,2019,2019-03-27T00:00:00,13,12,133.3,40,0,0,0,0,0,0,0,0,0,0,0,0
13518,2019,2019-03-27T00:00:00,14,12,266.7,80,0,0,0,0,0,0,0,0,0,0,0,0
13519,2019,2019-03-27T00:00:00,15,10,222.2,60,0,0,0,26.7,0,0,0,0,0,0,0,0
13520,2019,2019-03-27T00:00:00,16,10,222.2,60,0,0,0,26.7,0,0,0,0,0,0,0,0
13521,2019,2019-03-27T00:00:00,17,1,87,40,0,0,0,0,0,0,0,0,0,0,0,0
13522,2019,2019-03-27T00:00:00,18,1,173.9,80,0,0,0,0,0,0,0,0,0,0,0,0
13523,2019,2019-03-27T00:00:00,19,9,153.8,40,0,0,0,0,20,0,0,0,0,0,0,0
13524,2019,2019-03-27T00:00:00,20,9,307.7,80,0,0,0,0,40,0,0,0,0,0,0,0
13525,2019,2019-03-27T00:00:00,21,4,307.7,80,0,0,0,0,40,0,0,0,0,0,0,0
13526,2019,2019-03-27T00:00:00,22,4,461.5,120,0,0,0,0,60,0,0,0,0,0,0,0
13527,2019,2019-03-27T00:00:00,23,,0,0,0,0,0,0,0,0,0,0,0,0,0,0
13528,2019,2019-03-27T00:00:00,24,,0,0,0,0,0,0,0,0,0,0,0,0,0,0
13529,2019,2019-03-27T00:00:00,25,11,300,60,0,0,0,165,0,0,0,0,0,0,0,0
13530,2019,2019-03-27T00:00:00,26,11,400,80,0,0,0,220,0,0,0,0,0,0,0,0
13531,2019,2019-03-27T00:00:00,27,12,133.3,40,0,0,0,0,0,0,0,0,0,0,0,0
13532,2019,2019-03-27T00:00:00,28,12,266.7,80,0,0,0,0,0,0,0,0,0,0,0,0
13533,2019,2019-03-27T00:00:00,29,10,222.2,60,0,0,0,26.7,0,0,0,0,0,0,0,0
13534,2019,2019-03-27T00:00:00,30,10,222.2,60,0,0,0,26.7,0,0,0,0,0,0,0,0
13535,2019,2019-03-27T00:00:00,31,10,148.1,40,0,0,0,17.8,0,0,0,0,0,0,0,0
13536,2019,2019-03-27T00:00:00,32,10,296.3,80,0,0,0,35.6,0,0,0,0,0,0,0,0
13537,2019,2019-03-27T00:00:00,33,9,153.8,40,0,0,0,0,20,0,0,0,0,0,0,0
13538,2019,2019-03-27T00:00:00,34,9,307.7,80,0,0,0,0,40,0,0,0,0,0,0,0
13539,2019,2019-03-27T00:00:00,35,4,307.7,80,0,0,0,0,40,0,0,0,0,0,0,0
13540,2019,2019-03-27T00:00:00,36,4,461.5,120,0,0,0,0,60,0,0,0,0,0,0,0
13541,2019,2019-03-27T00:00:00,37,,0,0,0,0,0,0,0,0,0,0,0,0,0,0
13542,2019,2019-03-27T00:00:00,38,,0,0,0,0,0,0,0,0,0,0,0,0,0,0
13543,2019,2019-03-27T00:00:00,39,1,87,40,0,0,0,0,0,0,0,0,0,0,0,0
13544,2019,2019-03-27T00:00:00,40,1,173.9,80,0,0,0,0,0,0,0,0,0,0,0,0
13545,2019,2019-03-27T00:00:00,41,12,133.3,40,0,0,0,0,0,0,0,0,0,0,0,0
13546,2019,2019-03-27T00:00:00,42,12,266.7,80,0,0,0,0,0,0,0,0,0,0,0,0
13547,2019,2019-03-27T00:00:00,43,10,222.2,60,0,0,0,26.7,0,0,0,0,0,0,0,0
13548,2019,2019-03-27T00:00:00,44,10,222.2,60,0,0,0,26.7,0,0,0,0,0,0,0,0
13549,2019,2019-03-27T00:00:00,45,10,148.1,40,0,0,0,17.8,0,0,0,0,0,0,0,0
13550,2019,2019-03-27T00:00:00,46,10,296.3,80,0,0,0,35.6,0,0,0,0,0,0,0,0
13551,2019,2019-03-27T00:00:00,47,11,300,60,0,0,0,165,0,0,0,0,0,0,0,0
13552,2019,2019-03-27T00:00:00,48,11,400,80,0,0,0,220,0,0,0,0,0,0,0,0
13553,2019,2019-03-27T00:00:00,49,4,307.7,80,0,0,0,0,40,0,0,0,0,0,0,0
13554,2019,2019-03-27T00:00:00,50,4,461.5,120,0,0,0,0,60,0,0,0,0,0,0,0
13555,2019,2019-03-27T00:00:00,51,,0,0,0,0,0,0,0,0,0,0,0,0,0,0
13556,2019,2019-03-27T00:00:00,52,,0,0,0,0,0,0,0,0,0,0,0,0,0,0
13557,2019,2019-03-27T00:00:00,53,1,87,40,0,0,0,0,0,0,0,0,0,0,0,0
13558,2019,2019-03-27T00:00:00,54,1,173.9,80,0,0,0,0,0,0,0,0,0,0,0,0
13559,2019,2019-03-27T00:00:00,55,9,153.8,40,0,0,0,0,20,0,0,0,0,0,0,0
13560,2019,2019-03-27T00:00:00,56,9,307.7,80,0,0,0,0,40,0,0,0,0,0,0,0
13561,2019,2019-03-27T00:00:00,57,10,222.2,60,0,0,0,26.7,0,0,0,0,0,0,0,0
13562,2019,2019-03-27T00:00:00,58,10,222.2,60,0,0,0,26.7,0,0,0,0,0,0,0,0
13563,2019,2019-03-27T00:00:00,59,10,148.1,40,0,0,0,17.8,0,0,0,0,0,0,0,0
13564,2019,2019-03-27T00:00:00,60,10,296.3,80,0,0,0,35.6,0,0,0,0,0,0,0,0
13565,2019,2019-03-27T00:00:00,61,11,300,60,0,0,0,165,0,0,0,0,0,0,0,0
13566,2019,2019-03-27T00:00:00,62,11,400,80,0,0,0,220,0,0,0,0,0,0,0,0
13567,2019,2019-03-27T00:00:00,63,12,133.3,40,0,0,0,0,0,0,0,0,0,0,0,0
13568,2019,2019-03-27T00:00:00,64,12,266.7,80,0,0,0,0,0,0,0,0,0,0,0,0
13569,2019,2019-05-14T00:00:00,1,,0,0,0,0,0,0,0,0,0,0,0,0,0,0
13570,2019,2019-05-14T00:00:00,2,,0,0,0,0,0,0,0,0,0,0,0,0,0,0
13571,2019,2019-05-14T00:00:00,3,1,87,40,0,0,0,0,0,0,0,0,0,0,0,0
13572,2019,2019-05-14T00:00:00,4,1,130.4,60,0,0,0,0,0,0,0,0,0,0,0,0
13573,2019,2019-05-14T00:00:00,5,9,153.8,40,0,0,0,0,20,0,0,0,0,0,0,0
13574,2019,2019-05-14T00:00:00,6,9,230.8,60,0,0,0,0,30,0,0,0,0,0,0,0
13575,2019,2019-05-14T00:00:00,7,4,0,0,0,0,0,0,0,0,0,0,0,0,0,0
13576,2019,2019-05-14T00:00:00,8,4,0,0,0,0,0,0,0,0,0,0,0,0,0,0
13577,2019,2019-05-14T00:00:00,9,10,148.1,40,0,0,0,17.8,0,0,0,0,0,0,0,0
13578,2019,2019-05-14T00:00:00,10,10,222.2,60,0,0,0,26.7,0,0,0,0,0,0,0,0
13579,2019,2019-05-14T00:00:00,11,11,300,60,0,0,0,165,0,0,0,0,0,0,0,0
13580,2019,2019-05-14T00:00:00,12,11,300,60,0,0,0,165,0,0,0,0,0,0,0,0
13581,2019,2019-05-14T00:00:00,13,12,133.3,40,0,0,0,0,0,0,0,0,0,0,0,0
13582,2019,2019-05-14T00:00:00,14,12,200,60,0,0,0,0,0,0,0,0,0,0,0,0
13583,2019,2019-05-14T00:00:00,15,10,148.1,40,0,0,0,17.8,0,0,0,0,0,0,0,0
13584,2019,2019-05-14T00:00:00,16,10,296.3,80,0,0,0,35.6,0,0,0,0,0,0,0,0
13585,2019,2019-05-14T00:00:00,17,1,87,40,0,0,0,0,0,0,0,0,0,0,0,0
13586,2019,2019-05-14T00:00:00,18,1,130.4,60,0,0,0,0,0,0,0,0,0,0,0,0
13587,2019,2019-05-14T00:00:00,19,9,153.8,40,0,0,0,0,20,0,0,0,0,0,0,0
13588,2019,2019-05-14T00:00:00,20,9,230.8,60,0,0,0,0,30,0,0,0,0,0,0,0
13589,2019,2019-05-14T00:00:00,21,4,0,0,0,0,0,0,0,0,0,0,0,0,0,0
13590,2019,2019-05-14T00:00:00,22,4,0,0,0,0,0,0,0,0,0,0,0,0,0,0
13591,2019,2019-05-14T00:00:00,23,,0,0,0,0,0,0,0,0,0,0,0,0,0,0
13592,2019,2019-05-14T00:00:00,24,,0,0,0,0,0,0,0,0,0,0,0,0,0,0
13593,2019,2019-05-14T00:00:00,25,11,300,60,0,0,0,165,0,0,0,0,0,0,0,0
13594,2019,2019-05-14T00:00:00,26,11,300,60,0,0,0,165,0,0,0,0,0,0,0,0
13595,2019,2019-05-14T00:00:00,27,12,133.3,40,0,0,0,0,0,0,0,0,0,0,0,0
13596,2019,2019-05-14T00:00:00,28,12,200,60,0,0,0,0,0,0,0,0,0,0,0,0
13597,2019,2019-05-14T00:00:00,29,10,148.1,40,0,0,0,17.8,0,0,0,0,0,0,0,0
13598,2019,2019-05-14T00:00:00,30,10,296.3,80,0,0,0,35.6,0,0,0,0,0,0,0,0
13599,2019,2019-05-14T00:00:00,31,10,148.1,40,0,0,0,17.8,0,0,0,0,0,0,0,0
13600,2019,2019-05-14T00:00:00,32,10,222.2,60,0,0,0,26.7,0,0,0,0,0,0,0,0
13601,2019,2019-05-14T00:00:00,33,9,153.8,40,0,0,0,0,20,0,0,0,0,0,0,0
13602,2019,2019-05-14T00:00:00,34,9,230.8,60,0,0,0,0,30,0,0,0,0,0,0,0
13603,2019,2019-05-14T00:00:00,35,4,0,0,0,0,0,0,0,0,0,0,0,0,0,0
13604,2019,2019-05-14T00:00:00,36,4,0,0,0,0,0,0,0,0,0,0,0,0,0,0
13605,2019,2019-05-14T00:00:00,37,,0,0,0,0,0,0,0,0,0,0,0,0,0,0
13606,2019,2019-05-14T00:00:00,38,,0,0,0,0,0,0,0,0,0,0,0,0,0,0
13607,2019,2019-05-14T00:00:00,39,1,87,40,0,0,0,0,0,0,0,0,0,0,0,0
13608,2019,2019-05-14T00:00:00,40,1,130.4,60,0,0,0,0,0,0,0,0,0,0,0,0
13609,2019,2019-05-14T00:00:00,41,12,133.3,40,0,0,0,0,0,0,0,0,0,0,0,0
13610,2019,2019-05-14T00:00:00,42,12,200,60,0,0,0,0,0,0,0,0,0,0,0,0
13611,2019,2019-05-14T00:00:00,43,10,148.1,40,0,0,0,17.8,0,0,0,0,0,0,0,0
13612,2019,2019-05-14T00:00:00,44,10,296.3,80,0,0,0,35.6,0,0,0,0,0,0,0,0
13613,2019,2019-05-14T00:00:00,45,10,148.1,40,0,0,0,17.8,0,0,0,0,0,0,0,0
13614,2019,2019-05-14T00:00:00,46,10,222.2,60,0,0,0,26.7,0,0,0,0,0,0,0,0
13615,2019,2019-05-14T00:00:00,47,11,300,60,0,0,0,165,0,0,0,0,0,0,0,0
13616,2019,2019-05-14T00:00:00,48,11,300,60,0,0,0,165,0,0,0,0,0,0,0,0
13617,2019,2019-05-14T00:00:00,49,4,0,0,0,0,0,0,0,0,0,0,0,0,0,0
13618,2019,2019-05-14T00:00:00,50,4,0,0,0,0,0,0,0,0,0,0,0,0,0,0
13619,2019,2019-05-14T00:00:00,51,,0,0,0,0,0,0,0,0,0,0,0,0,0,0
13620,2019,2019-05-14T00:00:00,52,,0,0,0,0,0,0,0,0,0,0,0,0,0,0
13621,2019,2019-05-14T00:00:00,53,1,87,40,0,0,0,0,0,0,0,0,0,0,0,0
13622,2019,2019-05-14T00:00:00,54,1,130.4,60,0,0,0,0,0,0,0,0,0,0,0,0
13623,2019,2019-05-14T00:00:00,55,9,153.8,40,0,0,0,0,20,0,0,0,0,0,0,0
13624,2019,2019-05-14T00:00:00,56,9,230.8,60,0,0,0,0,30,0,0,0,0,0,0,0
13625,2019,2019-05-14T00:00:00,57,10,148.1,40,0,0,0,17.8,0,0,0,0,0,0,0,0
13626,2019,2019-05-14T00:00:00,58,10,296.3,80,0,0,0,35.6,0,0,0,0,0,0,0,0
13627,2019,2019-05-14T00:00:00,59,10,148.1,40,0,0,0,17.8,0,0,0,0,0,0,0,0
13628,2019,2019-05-14T00:00:00,60,10,222.2,60,0,0,0,26.7,0,0,0,0,0,0,0,0
13629,2019,2019-05-14T00:00:00,61,11,300,60,0,0,0,165,0,0,0,0,0,0,0,0
13630,2019,2019-05-14T00:00:00,62,11,300,60,0,0,0,165,0,0,0,0,0,0,0,0
13631,2019,2019-05-14T00:00:00,63,12,133.3,40,0,0,0,0,0,0,0,0,0,0,0,0
13632,2019,2019-05-14T00:00:00,64,12,200,60,0,0,0,0,0,0,0,0,0,0,0,0
13633,2019,2019-06-06T00:00:00,1,,0,0,0,0,0,0,0,0,0,0,0,0,0,0
13634,2019,2019-06-06T00:00:00,2,,0,0,0,0,0,0,0,0,0,0,0,0,0,0
13635,2019,2019-06-06T00:00:00,3,1,87,40,0,0,0,0,0,0,0,0,0,0,0,0
13636,2019,2019-06-06T00:00:00,4,1,87,40,0,0,0,0,0,0,0,0,0,0,0,0
13637,2019,2019-06-06T00:00:00,5,9,153.8,40,0,0,0,0,20,0,0,0,0,0,0,0
13638,2019,2019-06-06T00:00:00,6,9,153.8,40,0,0,0,0,20,0,0,0,0,0,0,0
13639,2019,2019-06-06T00:00:00,7,10,148.1,40,0,0,0,17.8,0,0,0,0,0,0,0,0
13640,2019,2019-06-06T00:00:00,8,10,222.2,60,0,0,0,26.7,0,0,0,0,0,0,0,0
13641,2019,2019-06-06T00:00:00,9,10,148.1,40,0,0,0,17.8,0,0,0,0,0,0,0,0
13642,2019,2019-06-06T00:00:00,10,10,148.1,40,0,0,0,17.8,0,0,0,0,0,0,0,0
13643,2019,2019-06-06T00:00:00,11,10,0,0,0,0,0,0,0,0,0,0,0,0,0,0
13644,2019,2019-06-06T00:00:00,12,10,148.1,40,0,0,0,17.8,0,0,0,0,0,0,0,0
13645,2019,2019-06-06T00:00:00,13,12,133.3,40,0,0,0,0,0,0,0,0,0,0,0,0
13646,2019,2019-06-06T00:00:00,14,12,133.3,40,0,0,0,0,0,0,0,0,0,0,0,0
13647,2019,2019-06-06T00:00:00,15,10,74.1,20,0,0,0,8.9,0,0,0,0,0,0,0,0
13648,2019,2019-06-06T00:00:00,16,10,148.1,40,0,0,0,17.8,0,0,0,0,0,0,0,0
13649,2019,2019-06-06T00:00:00,17,1,87,40,0,0,0,0,0,0,0,0,0,0,0,0
13650,2019,2019-06-06T00:00:00,18,1,87,40,0,0,0,0,0,0,0,0,0,0,0,0
13651,2019,2019-06-06T00:00:00,19,9,153.8,40,0,0,0,0,20,0,0,0,0,0,0,0
13652,2019,2019-06-06T00:00:00,20,9,153.8,40,0,0,0,0,20,0,0,0,0,0,0,0
13653,2019,2019-06-06T00:00:00,21,10,148.1,40,0,0,0,17.8,0,0,0,0,0,0,0,0
13654,2019,2019-06-06T00:00:00,22,10,222.2,60,0,0,0,26.7,0,0,0,0,0,0,0,0
13655,2019,2019-06-06T00:00:00,23,,0,0,0,0,0,0,0,0,0,0,0,0,0,0
13656,2019,2019-06-06T00:00:00,24,,0,0,0,0,0,0,0,0,0,0,0,0,0,0
13657,2019,2019-06-06T00:00:00,25,10,0,0,0,0,0,0,0,0,0,0,0,0,0,0
13658,2019,2019-06-06T00:00:00,26,10,148.1,40,0,0,0,17.8,0,0,0,0,0,0,0,0
13659,2019,2019-06-06T00:00:00,27,12,133.3,40,0,0,0,0,0,0,0,0,0,0,0,0
13660,2019,2019-06-06T00:00:00,28,12,133.3,40,0,0,0,0,0,0,0,0,0,0,0,0
13661,2019,2019-06-06T00:00:00,29,10,74.1,20,0,0,0,8.9,0,0,0,0,0,0,0,0
13662,2019,2019-06-06T00:00:00,30,10,148.1,40,0,0,0,17.8,0,0,0,0,0,0,0,0
13663,2019,2019-06-06T00:00:00,31,10,148.1,40,0,0,0,17.8,0,0,0,0,0,0,0,0
13664,2019,2019-06-06T00:00:00,32,10,148.1,40,0,0,0,17.8,0,0,0,0,0,0,0,0
13665,2019,2019-06-06T00:00:00,33,9,153.8,40,0,0,0,0,20,0,0,0,0,0,0,0
13666,2019,2019-06-06T00:00:00,34,9,153.8,40,0,0,0,0,20,0,0,0,0,0,0,0
13667,2019,2019-06-06T00:00:00,35,10,148.1,40,0,0,0,17.8,0,0,0,0,0,0,0,0
13668,2019,2019-06-06T00:00:00,36,10,222.2,60,0,0,0,26.7,0,0,0,0,0,0,0,0
13669,2019,2019-06-06T00:00:00,37,,0,0,0,0,0,0,0,0,0,0,0,0,0,0
13670,2019,2019-06-06T00:00:00,38,,0,0,0,0,0,0,0,0,0,0,0,0,0,0
13671,2019,2019-06-06T00:00:00,39,1,87,40,0,0,0,0,0,0,0,0,0,0,0,0
13672,2019,2019-06-06T00:00:00,40,1,87,40,0,0,0,0,0,0,0,0,0,0,0,0
13673,2019,2019-06-06T00:00:00,41,12,133.3,40,0,0,0,0,0,0,0,0,0,0,0,0
13674,2019,2019-06-06T00:00:00,42,12,133.3,40,0,0,0,0,0,0,0,0,0,0,0,0
13675,2019,2019-06-06T00:00:00,43,10,74.1,20,0,0,0,8.9,0,0,0,0,0,0,0,0
13676,2019,2019-06-06T00:00:00,44,10,148.1,40,0,0,0,17.8,0,0,0,0,0,0,0,0
13677,2019,2019-06-06T00:00:00,45,10,148.1,40,0,0,0,17.8,0,0,0,0,0,0,0,0
13678,2019,2019-06-06T00:00:00,46,10,148.1,40,0,0,0,17.8,0,0,0,0,0,0,0,0
13679,2019,2019-06-06T00:00:00,47,10,0,0,0,0,0,0,0,0,0,0,0,0,0,0
13680,2019,2019-06-06T00:00:00,48,10,148.1,40,0,0,0,17.8,0,0,0,0,0,0,0,0
13681,2019,2019-06-06T00:00:00,49,10,148.1,40,0,0,0,17.8,0,0,0,0,0,0,0,0
13682,2019,2019-06-06T00:00:00,50,10,222.2,60,0,0,0,26.7,0,0,0,0,0,0,0,0
13683,2019,2019-06-06T00:00:00,51,,0,0,0,0,0,0,0,0,0,0,0,0,0,0
13684,2019,2019-06-06T00:00:00,52,,0,0,0,0,0,0,0,0,0,0,0,0,0,0
13685,2019,2019-06-06T00:00:00,53,1,87,40,0,0,0,0,0,0,0,0,0,0,0,0
13686,2019,2019-06-06T00:00:00,54,1,87,40,0,0,0,0,0,0,0,0,0,0,0,0
13687,2019,2019-06-06T00:00:00,55,9,153.8,40,0,0,0,0,20,0,0,0,0,0,0,0
13688,2019,2019-06-06T00:00:00,56,9,153.8,40,0,0,0,0,20,0,0,0,0,0,0,0
13689,2019,2019-06-06T00:00:00,57,10,74.1,20,0,0,0,8.9,0,0,0,0,0,0,0,0
13690,2019,2019-06-06T00:00:00,58,10,148.1,40,0,0,0,17.8,0,0,0,0,0,0,0,0
13691,2019,2019-06-06T00:00:00,59,10,148.1,40,0,0,0,17.8,0,0,0,0,0,0,0,0
13692,2019,2019-06-06T00:00:00,60,10,148.1,40,0,0,0,17.8,0,0,0,0,0,0,0,0
13693,2019,2019-06-06T00:00:00,61,10,0,0,0,0,0,0,0,0,0,0,0,0,0,0
13694,2019,2019-06-06T00:00:00,62,10,148.1,40,0,0,0,17.8,0,0,0,0,0,0,0,0
13695,2019,2019-06-06T00:00:00,63,12,133.3,40,0,0,0,0,0,0,0,0,0,0,0,0
13696,2019,2019-06-06T00:00:00,64,12,133.3,40,0,0,0,0,0,0,0,0,0,0,0,0
13697,2019,2019-03-21T00:00:00,1,34,500,0,0,200,30,0,2500,0,0,0,0,0,0,20
13698,2019,2019-03-21T00:00:00,2,34,500,0,0,200,0,0,2500,0,0,0,0,0,0,20
13699,2019,2019-03-21T00:00:00,3,34,500,0,0,200,0,0,2500,0,0,0,0,0,0,20
13700,2019,2019-03-21T00:00:00,4,34,500,0,0,200,0,0,2500,0,0,0,0,0,0,20
13701,2019,2019-03-21T00:00:00,5,34,500,0,0,200,0,0,2500,0,0,0,0,0,0,20
13702,2019,2019-03-21T00:00:00,6,34,500,0,0,200,0,0,2500,0,0,0,0,0,0,20
13703,2019,2019-03-21T00:00:00,7,34,500,0,0,200,0,0,2500,0,0,0,0,0,0,20
13704,2019,2019-03-21T00:00:00,8,34,500,0,0,200,0,0,2500,0,0,0,0,0,0,20
13705,2019,2019-03-21T00:00:00,9,34,500,0,0,200,0,0,2500,0,0,0,0,0,0,20
13706,2019,2019-03-21T00:00:00,10,34,500,0,0,200,0,0,2500,0,0,0,0,0,0,20
13707,2019,2019-03-21T00:00:00,11,34,500,0,0,200,0,0,2500,0,0,0,0,0,0,20
13708,2019,2019-03-21T00:00:00,12,34,500,0,0,200,0,0,2500,0,0,0,0,0,0,20
13709,2019,2019-03-21T00:00:00,13,34,500,0,0,200,0,0,2500,0,0,0,0,0,0,20
13710,2019,2019-03-21T00:00:00,14,34,500,0,0,200,0,0,2500,0,0,0,0,0,0,20
13711,2019,2019-03-21T00:00:00,15,34,500,0,0,200,0,0,2500,0,0,0,0,0,0,20
13712,2019,2019-03-21T00:00:00,16,34,500,0,0,200,0,0,2500,0,0,0,0,0,0,20
13713,2019,2019-03-21T00:00:00,17,34,500,0,0,200,0,0,2500,0,0,0,0,0,0,20
13714,2019,2019-03-21T00:00:00,18,34,500,0,0,200,0,0,2500,0,0,0,0,0,0,20
13715,2019,2019-03-21T00:00:00,19,34,500,0,0,200,0,0,2500,0,0,0,0,0,0,20
13716,2019,2019-03-21T00:00:00,20,34,500,0,0,200,0,0,2500,0,0,0,0,0,0,20
13717,2019,2019-03-21T00:00:00,21,34,500,0,0,200,0,0,2500,0,0,0,0,0,0,20
13718,2019,2019-03-21T00:00:00,22,34,500,0,0,200,0,0,2500,0,0,0,0,0,0,20
13719,2019,2019-03-21T00:00:00,23,34,500,0,0,200,0,0,2500,0,0,0,0,0,0,20
13720,2019,2019-03-21T00:00:00,24,34,500,0,0,200,0,0,2500,0,0,0,0,0,0,20
13721,2019,2019-03-21T00:00:00,25,34,500,0,0,200,0,0,2500,0,0,0,0,0,0,20
13722,2019,2019-03-21T00:00:00,26,34,500,0,0,200,0,0,2500,0,0,0,0,0,0,20
13723,2019,2019-03-21T00:00:00,27,34,500,0,0,200,0,0,2500,0,0,0,0,0,0,20
13724,2019,2019-03-21T00:00:00,28,34,500,0,0,200,0,0,2500,0,0,0,0,0,0,20
13725,2019,2019-03-21T00:00:00,29,34,500,0,0,200,0,0,2500,0,0,0,0,0,0,20
13726,2019,2019-03-21T00:00:00,30,34,500,0,0,200,0,0,2500,0,0,0,0,0,0,20
13727,2019,2019-03-21T00:00:00,31,34,500,0,0,200,0,0,2500,0,0,0,0,0,0,20
13728,2019,2019-03-21T00:00:00,32,34,500,0,0,200,0,0,2500,0,0,0,0,0,0,20
13729,2019,2019-03-21T00:00:00,33,34,500,0,0,200,0,0,2500,0,0,0,0,0,0,20
13730,2019,2019-03-21T00:00:00,34,34,500,0,0,200,0,0,2500,0,0,0,0,0,0,20
13731,2019,2019-03-21T00:00:00,35,34,500,0,0,200,0,0,2500,0,0,0,0,0,0,20
13732,2019,2019-03-21T00:00:00,36,34,500,0,0,200,0,0,2500,0,0,0,0,0,0,20
13733,2019,2019-03-21T00:00:00,37,34,500,0,0,200,0,0,2500,0,0,0,0,0,0,20
13734,2019,2019-03-21T00:00:00,38,34,500,0,0,200,0,0,2500,0,0,0,0,0,0,20
13735,2019,2019-03-21T00:00:00,39,34,500,0,0,200,0,0,2500,0,0,0,0,0,0,20
13736,2019,2019-03-21T00:00:00,40,34,500,0,0,200,0,0,2500,0,0,0,0,0,0,20
13737,2019,2019-03-21T00:00:00,41,34,500,0,0,200,0,0,2500,0,0,0,0,0,0,20
13738,2019,2019-03-21T00:00:00,42,34,500,0,0,200,0,0,2500,0,0,0,0,0,0,20
13739,2019,2019-03-21T00:00:00,43,34,500,0,0,200,0,0,2500,0,0,0,0,0,0,20
13740,2019,2019-03-21T00:00:00,44,34,500,0,0,200,0,0,2500,0,0,0,0,0,0,20
13741,2019,2019-03-21T00:00:00,45,34,500,0,0,200,0,0,2500,0,0,0,0,0,0,20
13742,2019,2019-03-21T00:00:00,46,34,500,0,0,200,0,0,2500,0,0,0,0,0,0,20
13743,2019,2019-03-21T00:00:00,47,34,500,0,0,200,0,0,2500,0,0,0,0,0,0,20
13744,2019,2019-03-21T00:00:00,48,34,500,0,0,200,0,0,2500,0,0,0,0,0,0,20
13745,2019,2019-03-21T00:00:00,49,34,500,0,0,200,0,0,2500,0,0,0,0,0,0,20
13746,2019,2019-03-21T00:00:00,50,34,500,0,0,200,0,0,2500,0,0,0,0,0,0,20
13747,2019,2019-03-21T00:00:00,51,34,500,0,0,200,0,0,2500,0,0,0,0,0,0,20
13748,2019,2019-03-21T00:00:00,52,34,500,0,0,200,0,0,2500,0,0,0,0,0,0,20
13749,2019,2019-03-21T00:00:00,53,34,500,0,0,200,0,0,2500,0,0,0,0,0,0,20
13750,2019,2019-03-21T00:00:00,54,34,500,0,0,200,0,0,2500,0,0,0,0,0,0,20
13751,2019,2019-03-21T00:00:00,55,34,500,0,0,200,0,0,2500,0,0,0,0,0,0,20
13752,2019,2019-03-21T00:00:00,56,34,500,0,0,200,0,0,2500,0,0,0,0,0,0,20
13753,2019,2019-03-21T00:00:00,57,34,500,0,0,200,0,0,2500,0,0,0,0,0,0,20
13754,2019,2019-03-21T00:00:00,58,34,500,0,0,200,0,0,2500,0,0,0,0,0,0,20
13755,2019,2019-03-21T00:00:00,59,34,500,0,0,200,0,0,2500,0,0,0,0,0,0,20
13756,2019,2019-03-21T00:00:00,60,34,500,0,0,200,0,0,2500,0,0,0,0,0,0,20
13757,2019,2019-03-21T00:00:00,61,34,500,0,0,200,0,0,2500,0,0,0,0,0,0,20
13758,2019,2019-03-21T00:00:00,62,34,500,0,0,200,0,0,2500,0,0,0,0,0,0,20
13759,2019,2019-03-21T00:00:00,63,34,500,0,0,200,0,0,2500,0,0,0,0,0,0,20
13760,2019,2019-03-21T00:00:00,64,34,500,0,0,200,0,0,2500,0,0,0,0,0,0,20
13761,2021,2021-03-29T00:00:00,1,,0,0,0,0,0,0,0,0,0,0,0,0,0,0
13762,2021,2021-03-29T00:00:00,2,,0,0,0,0,0,0,0,0,0,0,0,0,0,0
13763,2021,2021-03-29T00:00:00,3,1,87,40,0,0,0,0,0,0,0,0,0,0,0,0
13764,2021,2021-03-29T00:00:00,4,1,173.9,80,0,0,0,0,0,0,0,0,0,0,0,0
13765,2021,2021-03-29T00:00:00,5,9,153.8,40,0,0,0,0,20,0,0,0,0,0,0,0
13766,2021,2021-03-29T00:00:00,6,9,307.7,80,0,0,0,0,40,0,0,0,0,0,0,0
13767,2021,2021-03-29T00:00:00,7,4,307.7,80,0,0,0,0,40,0,0,0,0,0,0,0
13768,2021,2021-03-29T00:00:00,8,4,461.5,120,0,0,0,0,60,0,0,0,0,0,0,0
13769,2021,2021-03-29T00:00:00,9,10,148.1,40,0,0,0,17.8,0,0,0,0,0,0,0,0
13770,2021,2021-03-29T00:00:00,10,10,296.3,80,0,0,0,35.6,0,0,0,0,0,0,0,0
13771,2021,2021-03-29T00:00:00,11,11,300,60,0,0,0,165,0,0,0,0,0,0,0,0
13772,2021,2021-03-29T00:00:00,12,11,400,80,0,0,0,220,0,0,0,0,0,0,0,0
13773,2021,2021-03-29T00:00:00,13,12,133.3,40,0,0,0,0,0,0,0,0,0,0,0,0
13774,2021,2021-03-29T00:00:00,14,12,266.7,80,0,0,0,0,0,0,0,0,0,0,0,0
13775,2021,2021-03-29T00:00:00,15,10,222.2,60,0,0,0,26.7,0,0,0,0,0,0,0,0
13776,2021,2021-03-29T00:00:00,16,10,222.2,60,0,0,0,26.7,0,0,0,0,0,0,0,0
13777,2021,2021-03-29T00:00:00,17,1,87,40,0,0,0,0,0,0,0,0,0,0,0,0
13778,2021,2021-03-29T00:00:00,18,1,173.9,80,0,0,0,0,0,0,0,0,0,0,0,0
13779,2021,2021-03-29T00:00:00,19,9,153.8,40,0,0,0,0,20,0,0,0,0,0,0,0
13780,2021,2021-03-29T00:00:00,20,9,307.7,80,0,0,0,0,40,0,0,0,0,0,0,0
13781,2021,2021-03-29T00:00:00,21,4,307.7,80,0,0,0,0,40,0,0,0,0,0,0,0
13782,2021,2021-03-29T00:00:00,22,4,461.5,120,0,0,0,0,60,0,0,0,0,0,0,0
13783,2021,2021-03-29T00:00:00,23,,0,0,0,0,0,0,0,0,0,0,0,0,0,0
13784,2021,2021-03-29T00:00:00,24,,0,0,0,0,0,0,0,0,0,0,0,0,0,0
13785,2021,2021-03-29T00:00:00,25,11,300,60,0,0,0,165,0,0,0,0,0,0,0,0
13786,2021,2021-03-29T00:00:00,26,11,400,80,0,0,0,220,0,0,0,0,0,0,0,0
13787,2021,2021-03-29T00:00:00,27,12,133.3,40,0,0,0,0,0,0,0,0,0,0,0,0
13788,2021,2021-03-29T00:00:00,28,12,266.7,80,0,0,0,0,0,0,0,0,0,0,0,0
13789,2021,2021-03-29T00:00:00,29,10,222.2,60,0,0,0,26.7,0,0,0,0,0,0,0,0
13790,2021,2021-03-29T00:00:00,30,10,222.2,60,0,0,0,26.7,0,0,0,0,0,0,0,0
13791,2021,2021-03-29T00:00:00,31,10,148.1,40,0,0,0,17.8,0,0,0,0,0,0,0,0
13792,2021,2021-03-29T00:00:00,32,10,296.3,80,0,0,0,35.6,0,0,0,0,0,0,0,0
13793,2021,2021-03-29T00:00:00,33,9,153.8,40,0,0,0,0,20,0,0,0,0,0,0,0
13794,2021,2021-03-29T00:00:00,34,9,307.7,80,0,0,0,0,40,0,0,0,0,0,0,0
13795,2021,2021-03-29T00:00:00,35,4,307.7,80,0,0,0,0,40,0,0,0,0,0,0,0
13796,2021,2021-03-29T00:00:00,36,4,461.5,120,0,0,0,0,60,0,0,0,0,0,0,0
13797,2021,2021-03-29T00:00:00,37,,0,0,0,0,0,0,0,0,0,0,0,0,0,0
13798,2021,2021-03-29T00:00:00,38,,0,0,0,0,0,0,0,0,0,0,0,0,0,0
13799,2021,2021-03-29T00:00:00,39,1,87,40,0,0,0,0,0,0,0,0,0,0,0,0
13800,2021,2021-03-29T00:00:00,40,1,173.9,80,0,0,0,0,0,0,0,0,0,0,0,0
13801,2021,2021-03-29T00:00:00,41,12,133.3,40,0,0,0,0,0,0,0,0,0,0,0,0
13802,2021,2021-03-29T00:00:00,42,12,266.7,80,0,0,0,0,0,0,0,0,0,0,0,0
13803,2021,2021-03-29T00:00:00,43,10,222.2,60,0,0,0,26.7,0,0,0,0,0,0,0,0
13804,2021,2021-03-29T00:00:00,44,10,222.2,60,0,0,0,26.7,0,0,0,0,0,0,0,0
13805,2021,2021-03-29T00:00:00,45,10,148.1,40,0,0,0,17.8,0,0,0,0,0,0,0,0
13806,2021,2021-03-29T00:00:00,46,10,296.3,80,0,0,0,35.6,0,0,0,0,0,0,0,0
13807,2021,2021-03-29T00:00:00,47,11,300,60,0,0,0,165,0,0,0,0,0,0,0,0
13808,2021,2021-03-29T00:00:00,48,11,400,80,0,0,0,220,0,0,0,0,0,0,0,0
13809,2021,2021-03-29T00:00:00,49,4,307.7,80,0,0,0,0,40,0,0,0,0,0,0,0
13810,2021,2021-03-29T00:00:00,50,4,461.5,120,0,0,0,0,60,0,0,0,0,0,0,0
13811,2021,2021-03-29T00:00:00,51,,0,0,0,0,0,0,0,0,0,0,0,0,0,0
13812,2021,2021-03-29T00:00:00,52,,0,0,0,0,0,0,0,0,0,0,0,0,0,0
13813,2021,2021-03-29T00:00:00,53,1,87,40,0,0,0,0,0,0,0,0,0,0,0,0
13814,2021,2021-03-29T00:00:00,54,1,173.9,80,0,0,0,0,0,0,0,0,0,0,0,0
13815,2021,2021-03-29T00:00:00,55,9,153.8,40,0,0,0,0,20,0,0,0,0,0,0,0
13816,2021,2021-03-29T00:00:00,56,9,307.7,80,0,0,0,0,40,0,0,0,0,0,0,0
13817,2021,2021-03-29T00:00:00,57,10,222.2,60,0,0,0,26.7,0,0,0,0,0,0,0,0
13818,2021,2021-03-29T00:00:00,58,10,222.2,60,0,0,0,26.7,0,0,0,0,0,0,0,0
13819,2021,2021-03-29T00:00:00,59,10,148.1,40,0,0,0,17.8,0,0,0,0,0,0,0,0
13820,2021,2021-03-29T00:00:00,60,10,296.3,80,0,0,0,35.6,0,0,0,0,0,0,0,0
13821,2021,2021-03-29T00:00:00,61,11,300,60,0,0,0,165,0,0,0,0,0,0,0,0
13822,2021,2021-03-29T00:00:00,62,11,400,80,0,0,0,220,0,0,0,0,0,0,0,0
13823,2021,2021-03-29T00:00:00,63,12,133.3,40,0,0,0,0,0,0,0,0,0,0,0,0
13824,2021,2021-03-29T00:00:00,64,12,266.7,80,0,0,0,0,0,0,0,0,0,0,0,0
13825,2021,2021-04-26T00:00:00,1,,0,0,0,0,0,0,0,0,0,0,0,0,0,0
13826,2021,2021-04-26T00:00:00,2,,0,0,0,0,0,0,0,0,0,0,0,0,0,0
13827,2021,2021-04-26T00:00:00,3,1,87,40,0,0,0,0,0,0,0,0,0,0,0,0
13828,2021,2021-04-26T00:00:00,4,1,130.4,60,0,0,0,0,0,0,0,0,0,0,0,0
13829,2021,2021-04-26T00:00:00,5,9,153.8,40,0,0,0,0,20,0,0,0,0,0,0,0
13830,2021,2021-04-26T00:00:00,6,9,230.8,60,0,0,0,0,30,0,0,0,0,0,0,0
13831,2021,2021-04-26T00:00:00,7,4,0,0,0,0,0,0,0,0,0,0,0,0,0,0
13832,2021,2021-04-26T00:00:00,8,4,0,0,0,0,0,0,0,0,0,0,0,0,0,0
13833,2021,2021-04-26T00:00:00,9,10,148.1,40,0,0,0,17.8,0,0,0,0,0,0,0,0
13834,2021,2021-04-26T00:00:00,10,10,222.2,60,0,0,0,26.7,0,0,0,0,0,0,0,0
13835,2021,2021-04-26T00:00:00,11,11,300,60,0,0,0,165,0,0,0,0,0,0,0,0
13836,2021,2021-04-26T00:00:00,12,11,300,60,0,0,0,165,0,0,0,0,0,0,0,0
13837,2021,2021-04-26T00:00:00,13,12,133.3,40,0,0,0,0,0,0,0,0,0,0,0,0
13838,2021,2021-04-26T00:00:00,14,12,200,60,0,0,0,0,0,0,0,0,0,0,0,0
13839,2021,2021-04-26T00:00:00,15,10,148.1,40,0,0,0,17.8,0,0,0,0,0,0,0,0
13840,2021,2021-04-26T00:00:00,16,10,296.3,80,0,0,0,35.6,0,0,0,0,0,0,0,0
13841,2021,2021-04-26T00:00:00,17,1,87,40,0,0,0,0,0,0,0,0,0,0,0,0
13842,2021,2021-04-26T00:00:00,18,1,130.4,60,0,0,0,0,0,0,0,0,0,0,0,0
13843,2021,2021-04-26T00:00:00,19,9,153.8,40,0,0,0,0,20,0,0,0,0,0,0,0
13844,2021,2021-04-26T00:00:00,20,9,230.8,60,0,0,0,0,30,0,0,0,0,0,0,0
13845,2021,2021-04-26T00:00:00,21,4,0,0,0,0,0,0,0,0,0,0,0,0,0,0
13846,2021,2021-04-26T00:00:00,22,4,0,0,0,0,0,0,0,0,0,0,0,0,0,0
13847,2021,2021-04-26T00:00:00,23,,0,0,0,0,0,0,0,0,0,0,0,0,0,0
13848,2021,2021-04-26T00:00:00,24,,0,0,0,0,0,0,0,0,0,0,0,0,0,0
13849,2021,2021-04-26T00:00:00,25,11,300,60,0,0,0,165,0,0,0,0,0,0,0,0
13850,2021,2021-04-26T00:00:00,26,11,300,60,0,0,0,165,0,0,0,0,0,0,0,0
13851,2021,2021-04-26T00:00:00,27,12,133.3,40,0,0,0,0,0,0,0,0,0,0,0,0
13852,2021,2021-04-26T00:00:00,28,12,200,60,0,0,0,0,0,0,0,0,0,0,0,0
13853,2021,2021-04-26T00:00:00,29,10,148.1,40,0,0,0,17.8,0,0,0,0,0,0,0,0
13854,2021,2021-04-26T00:00:00,30,10,296.3,80,0,0,0,35.6,0,0,0,0,0,0,0,0
13855,2021,2021-04-26T00:00:00,31,10,148.1,40,0,0,0,17.8,0,0,0,0,0,0,0,0
13856,2021,2021-04-26T00:00:00,32,10,222.2,60,0,0,0,26.7,0,0,0,0,0,0,0,0
13857,2021,2021-04-26T00:00:00,33,9,153.8,40,0,0,0,0,20,0,0,0,0,0,0,0
13858,2021,2021-04-26T00:00:00,34,9,230.8,60,0,0,0,0,30,0,0,0,0,0,0,0
13859,2021,2021-04-26T00:00:00,35,4,0,0,0,0,0,0,0,0,0,0,0,0,0,0
13860,2021,2021-04-26T00:00:00,36,4,0,0,0,0,0,0,0,0,0,0,0,0,0,0
13861,2021,2021-04-26T00:00:00,37,,0,0,0,0,0,0,0,0,0,0,0,0,0,0
13862,2021,2021-04-26T00:00:00,38,,0,0,0,0,0,0,0,0,0,0,0,0,0,0
13863,2021,2021-04-26T00:00:00,39,1,87,40,0,0,0,0,0,0,0,0,0,0,0,0
13864,2021,2021-04-26T00:00:00,40,1,130.4,60,0,0,0,0,0,0,0,0,0,0,0,0
13865,2021,2021-04-26T00:00:00,41,12,133.3,40,0,0,0,0,0,0,0,0,0,0,0,0
13866,2021,2021-04-26T00:00:00,42,12,200,60,0,0,0,0,0,0,0,0,0,0,0,0
13867,2021,2021-04-26T00:00:00,43,10,148.1,40,0,0,0,17.8,0,0,0,0,0,0,0,0
13868,2021,2021-04-26T00:00:00,44,10,296.3,80,0,0,0,35.6,0,0,0,0,0,0,0,0
13869,2021,2021-04-26T00:00:00,45,10,148.1,40,0,0,0,17.8,0,0,0,0,0,0,0,0
13870,2021,2021-04-26T00:00:00,46,10,222.2,60,0,0,0,26.7,0,0,0,0,0,0,0,0
13871,2021,2021-04-26T00:00:00,47,11,300,60,0,0,0,165,0,0,0,0,0,0,0,0
13872,2021,2021-04-26T00:00:00,48,11,300,60,0,0,0,165,0,0,0,0,0,0,0,0
13873,2021,2021-04-26T00:00:00,49,4,0,0,0,0,0,0,0,0,0,0,0,0,0,0
13874,2021,2021-04-26T00:00:00,50,4,0,0,0,0,0,0,0,0,0,0,0,0,0,0
13875,2021,2021-04-26T00:00:00,51,,0,0,0,0,0,0,0,0,0,0,0,0,0,0
13876,2021,2021-04-26T00:00:00,52,,0,0,0,0,0,0,0,0,0,0,0,0,0,0
13877,2021,2021-04-26T00:00:00,53,1,87,40,0,0,0,0,0,0,0,0,0,0,0,0
13878,2021,2021-04-26T00:00:00,54,1,130.4,60,0,0,0,0,0,0,0,0,0,0,0,0
13879,2021,2021-04-26T00:00:00,55,9,153.8,40,0,0,0,0,20,0,0,0,0,0,0,0
13880,2021,2021-04-26T00:00:00,56,9,230.8,60,0,0,0,0,30,0,0,0,0,0,0,0
13881,2021,2021-04-26T00:00:00,57,10,148.1,40,0,0,0,17.8,0,0,0,0,0,0,0,0
13882,2021,2021-04-26T00:00:00,58,10,296.3,80,0,0,0,35.6,0,0,0,0,0,0,0,0
13883,2021,2021-04-26T00:00:00,59,10,148.1,40,0,0,0,17.8,0,0,0,0,0,0,0,0
13884,2021,2021-04-26T00:00:00,60,10,222.2,60,0,0,0,26.7,0,0,0,0,0,0,0,0
13885,2021,2021-04-26T00:00:00,61,11,300,60,0,0,0,165,0,0,0,0,0,0,0,0
13886,2021,2021-04-26T00:00:00,62,11,300,60,0,0,0,165,0,0,0,0,0,0,0,0
13887,2021,2021-04-26T00:00:00,63,12,133.3,40,0,0,0,0,0,0,0,0,0,0,0,0
13888,2021,2021-04-26T00:00:00,64,12,200,60,0,0,0,0,0,0,0,0,0,0,0,0
13889,2021,2021-06-14T00:00:00,1,,0,0,0,0,0,0,0,0,0,0,0,0,0,0
13890,2021,2021-06-14T00:00:00,2,,0,0,0,0,0,0,0,0,0,0,0,0,0,0
13891,2021,2021-06-14T00:00:00,3,1,87,40,0,0,0,0,0,0,0,0,0,0,0,0
13892,2021,2021-06-14T00:00:00,4,1,87,40,0,0,0,0,0,0,0,0,0,0,0,0
13893,2021,2021-06-14T00:00:00,5,9,153.8,40,0,0,0,0,20,0,0,0,0,0,0,0
13894,2021,2021-06-14T00:00:00,6,9,153.8,40,0,0,0,0,20,0,0,0,0,0,0,0
13895,2021,2021-06-14T00:00:00,7,10,148.1,40,0,0,0,17.8,0,0,0,0,0,0,0,0
13896,2021,2021-06-14T00:00:00,8,10,222.2,60,0,0,0,26.7,0,0,0,0,0,0,0,0
13897,2021,2021-06-14T00:00:00,9,10,148.1,40,0,0,0,17.8,0,0,0,0,0,0,0,0
13898,2021,2021-06-14T00:00:00,10,10,148.1,40,0,0,0,17.8,0,0,0,0,0,0,0,0
13899,2021,2021-06-14T00:00:00,11,10,0,0,0,0,0,0,0,0,0,0,0,0,0,0
13900,2021,2021-06-14T00:00:00,12,10,148.1,40,0,0,0,17.8,0,0,0,0,0,0,0,0
13901,2021,2021-06-14T00:00:00,13,12,133.3,40,0,0,0,0,0,0,0,0,0,0,0,0
13902,2021,2021-06-14T00:00:00,14,12,133.3,40,0,0,0,0,0,0,0,0,0,0,0,0
13903,2021,2021-06-14T00:00:00,15,10,74.1,20,0,0,0,8.9,0,0,0,0,0,0,0,0
13904,2021,2021-06-14T00:00:00,16,10,148.1,40,0,0,0,17.8,0,0,0,0,0,0,0,0
13905,2021,2021-06-14T00:00:00,17,1,87,40,0,0,0,0,0,0,0,0,0,0,0,0
13906,2021,2021-06-14T00:00:00,18,1,87,40,0,0,0,0,0,0,0,0,0,0,0,0
13907,2021,2021-06-14T00:00:00,19,9,153.8,40,0,0,0,0,20,0,0,0,0,0,0,0
13908,2021,2021-06-14T00:00:00,20,9,153.8,40,0,0,0,0,20,0,0,0,0,0,0,0
13909,2021,2021-06-14T00:00:00,21,10,148.1,40,0,0,0,17.8,0,0,0,0,0,0,0,0
13910,2021,2021-06-14T00:00:00,22,10,222.2,60,0,0,0,26.7,0,0,0,0,0,0,0,0
13911,2021,2021-06-14T00:00:00,23,,0,0,0,0,0,0,0,0,0,0,0,0,0,0
13912,2021,2021-06-14T00:00:00,24,,0,0,0,0,0,0,0,0,0,0,0,0,0,0
13913,2021,2021-06-14T00:00:00,25,10,0,0,0,0,0,0,0,0,0,0,0,0,0,0
13914,2021,2021-06-14T00:00:00,26,10,148.1,40,0,0,0,17.8,0,0,0,0,0,0,0,0
13915,2021,2021-06-14T00:00:00,27,12,133.3,40,0,0,0,0,0,0,0,0,0,0,0,0
13916,2021,2021-06-14T00:00:00,28,12,133.3,40,0,0,0,0,0,0,0,0,0,0,0,0
13917,2021,2021-06-14T00:00:00,29,10,74.1,20,0,0,0,8.9,0,0,0,0,0,0,0,0
13918,2021,2021-06-14T00:00:00,30,10,148.1,40,0,0,0,17.8,0,0,0,0,0,0,0,0
13919,2021,2021-06-14T00:00:00,31,10,148.1,40,0,0,0,17.8,0,0,0,0,0,0,0,0
13920,2021,2021-06-14T00:00:00,32,10,148.1,40,0,0,0,17.8,0,0,0,0,0,0,0,0
13921,2021,2021-06-14T00:00:00,33,9,153.8,40,0,0,0,0,20,0,0,0,0,0,0,0
13922,2021,2021-06-14T00:00:00,34,9,153.8,40,0,0,0,0,20,0,0,0,0,0,0,0
13923,2021,2021-06-14T00:00:00,35,10,148.1,40,0,0,0,17.8,0,0,0,0,0,0,0,0
13924,2021,2021-06-14T00:00:00,36,10,222.2,60,0,0,0,26.7,0,0,0,0,0,0,0,0
13925,2021,2021-06-14T00:00:00,37,,0,0,0,0,0,0,0,0,0,0,0,0,0,0
13926,2021,2021-06-14T00:00:00,38,,0,0,0,0,0,0,0,0,0,0,0,0,0,0
13927,2021,2021-06-14T00:00:00,39,1,87,40,0,0,0,0,0,0,0,0,0,0,0,0
13928,2021,2021-06-14T00:00:00,40,1,87,40,0,0,0,0,0,0,0,0,0,0,0,0
13929,2021,2021-06-14T00:00:00,41,12,133.3,40,0,0,0,0,0,0,0,0,0,0,0,0
13930,2021,2021-06-14T00:00:00,42,12,133.3,40,0,0,0,0,0,0,0,0,0,0,0,0
13931,2021,2021-06-14T00:00:00,43,10,74.1,20,0,0,0,8.9,0,0,0,0,0,0,0,0
13932,2021,2021-06-14T00:00:00,44,10,148.1,40,0,0,0,17.8,0,0,0,0,0,0,0,0
13933,2021,2021-06-14T00:00:00,45,10,148.1,40,0,0,0,17.8,0,0,0,0,0,0,0,0
13934,2021,2021-06-14T00:00:00,46,10,148.1,40,0,0,0,17.8,0,0,0,0,0,0,0,0
13935,2021,2021-06-14T00:00:00,47,10,0,0,0,0,0,0,0,0,0,0,0,0,0,0
13936,2021,2021-06-14T00:00:00,48,10,148.1,40,0,0,0,17.8,0,0,0,0,0,0,0,0
13937,2021,2021-06-14T00:00:00,49,10,148.1,40,0,0,0,17.8,0,0,0,0,0,0,0,0
13938,2021,2021-06-14T00:00:00,50,10,222.2,60,0,0,0,26.7,0,0,0,0,0,0,0,0
13939,2021,2021-06-14T00:00:00,51,,0,0,0,0,0,0,0,0,0,0,0,0,0,0
13940,2021,2021-06-14T00:00:00,52,,0,0,0,0,0,0,0,0,0,0,0,0,0,0
13941,2021,2021-06-14T00:00:00,53,1,87,40,0,0,0,0,0,0,0,0,0,0,0,0
13942,2021,2021-06-14T00:00:00,54,1,87,40,0,0,0,0,0,0,0,0,0,0,0,0
13943,2021,2021-06-14T00:00:00,55,9,153.8,40,0,0,0,0,20,0,0,0,0,0,0,0
13944,2021,2021-06-14T00:00:00,56,9,153.8,40,0,0,0,0,20,0,0,0,0,0,0,0
13945,2021,2021-06-14T00:00:00,57,10,74.1,20,0,0,0,8.9,0,0,0,0,0,0,0,0
13946,2021,2021-06-14T00:00:00,58,10,148.1,40,0,0,0,17.8,0,0,0,0,0,0,0,0
13947,2021,2021-06-14T00:00:00,59,10,148.1,40,0,0,0,17.8,0,0,0,0,0,0,0,0
13948,2021,2021-06-14T00:00:00,60,10,148.1,40,0,0,0,17.8,0,0,0,0,0,0,0,0
13949,2021,2021-06-14T00:00:00,61,10,0,0,0,0,0,0,0,0,0,0,0,0,0,0
13950,2021,2021-06-14T00:00:00,62,10,148.1,40,0,0,0,17.8,0,0,0,0,0,0,0,0
13951,2021,2021-06-14T00:00:00,63,12,133.3,40,0,0,0,0,0,0,0,0,0,0,0,0
13952,2021,2021-06-14T00:00:00,64,12,133.3,40,0,0,0,0,0,0,0,0,0,0,0,0
13953,2022,2022-06-08T00:00:00,1,,0,0,0,0,0,0,0,0,0,0,0,0,0,0
13954,2022,2022-06-08T00:00:00,2,,0,0,0,0,0,0,0,0,0,0,0,0,0,0
13955,2022,2022-06-08T00:00:00,3,1,173.9,80,0,0,0,0,0,0,0,0,0,0,0,0
13956,2022,2022-06-08T00:00:00,4,1,260.9,120,0,0,0,0,0,0,0,0,0,0,0,0
13957,2022,2022-06-08T00:00:00,5,9,307.7,80,0,0,0,0,40,0,0,0,0,0,0,0
13958,2022,2022-06-08T00:00:00,6,9,461.5,120,0,0,0,0,60,0,0,0,0,0,0,0
13959,2022,2022-06-08T00:00:00,7,4,461.5,120,0,0,0,0,60,0,0,0,0,0,0,0
13960,2022,2022-06-08T00:00:00,8,4,692.3,180,0,0,0,0,90,0,0,0,0,0,0,0
13961,2022,2022-06-08T00:00:00,9,10,148.1,40,0,0,0,17.8,0,0,0,0,0,0,0,0
13962,2022,2022-06-08T00:00:00,10,10,222.2,60,0,0,0,26.7,0,0,0,0,0,0,0,0
13963,2022,2022-06-08T00:00:00,11,11,400,80,0,0,0,220,0,0,0,0,0,0,0,0
13964,2022,2022-06-08T00:00:00,12,11,500,100,0,0,0,275,0,0,0,0,0,0,0,0
13965,2022,2022-06-08T00:00:00,13,12,133.3,40,0,0,0,0,0,0,0,0,0,0,0,0
13966,2022,2022-06-08T00:00:00,14,12,200,60,0,0,0,0,0,0,0,0,0,0,0,0
13967,2022,2022-06-08T00:00:00,15,10,296.3,80,0,0,0,35.6,0,0,0,0,0,0,0,0
13968,2022,2022-06-08T00:00:00,16,10,444.4,120,0,0,0,53.3,0,0,0,0,0,0,0,0
13969,2022,2022-06-08T00:00:00,17,1,173.9,80,0,0,0,0,0,0,0,0,0,0,0,0
13970,2022,2022-06-08T00:00:00,18,1,260.9,120,0,0,0,0,0,0,0,0,0,0,0,0
13971,2022,2022-06-08T00:00:00,19,9,307.7,80,0,0,0,0,40,0,0,0,0,0,0,0
13972,2022,2022-06-08T00:00:00,20,9,461.5,120,0,0,0,0,60,0,0,0,0,0,0,0
13973,2022,2022-06-08T00:00:00,21,4,461.5,120,0,0,0,0,60,0,0,0,0,0,0,0
13974,2022,2022-06-08T00:00:00,22,4,692.3,180,0,0,0,0,90,0,0,0,0,0,0,0
13975,2022,2022-06-08T00:00:00,23,,0,0,0,0,0,0,0,0,0,0,0,0,0,0
13976,2022,2022-06-08T00:00:00,24,,0,0,0,0,0,0,0,0,0,0,0,0,0,0
13977,2022,2022-06-08T00:00:00,25,11,400,80,0,0,0,220,0,0,0,0,0,0,0,0
13978,2022,2022-06-08T00:00:00,26,11,500,100,0,0,0,275,0,0,0,0,0,0,0,0
13979,2022,2022-06-08T00:00:00,27,12,133.3,40,0,0,0,0,0,0,0,0,0,0,0,0
13980,2022,2022-06-08T00:00:00,28,12,200,60,0,0,0,0,0,0,0,0,0,0,0,0
13981,2022,2022-06-08T00:00:00,29,10,296.3,80,0,0,0,35.6,0,0,0,0,0,0,0,0
13982,2022,2022-06-08T00:00:00,30,10,444.4,120,0,0,0,53.3,0,0,0,0,0,0,0,0
13983,2022,2022-06-08T00:00:00,31,10,148.1,40,0,0,0,17.8,0,0,0,0,0,0,0,0
13984,2022,2022-06-08T00:00:00,32,10,222.2,60,0,0,0,26.7,0,0,0,0,0,0,0,0
13985,2022,2022-06-08T00:00:00,33,9,307.7,80,0,0,0,0,40,0,0,0,0,0,0,0
13986,2022,2022-06-08T00:00:00,34,9,461.5,120,0,0,0,0,60,0,0,0,0,0,0,0
13987,2022,2022-06-08T00:00:00,35,4,461.5,120,0,0,0,0,60,0,0,0,0,0,0,0
13988,2022,2022-06-08T00:00:00,36,4,692.3,180,0,0,0,0,90,0,0,0,0,0,0,0
13989,2022,2022-06-08T00:00:00,37,,0,0,0,0,0,0,0,0,0,0,0,0,0,0
13990,2022,2022-06-08T00:00:00,38,,0,0,0,0,0,0,0,0,0,0,0,0,0,0
13991,2022,2022-06-08T00:00:00,39,1,173.9,80,0,0,0,0,0,0,0,0,0,0,0,0
13992,2022,2022-06-08T00:00:00,40,1,260.9,120,0,0,0,0,0,0,0,0,0,0,0,0
13993,2022,2022-06-08T00:00:00,41,12,133.3,40,0,0,0,0,0,0,0,0,0,0,0,0
13994,2022,2022-06-08T00:00:00,42,12,200,60,0,0,0,0,0,0,0,0,0,0,0,0
13995,2022,2022-06-08T00:00:00,43,10,296.3,80,0,0,0,35.6,0,0,0,0,0,0,0,0
13996,2022,2022-06-08T00:00:00,44,10,444.4,120,0,0,0,53.3,0,0,0,0,0,0,0,0
13997,2022,2022-06-08T00:00:00,45,10,148.1,40,0,0,0,17.8,0,0,0,0,0,0,0,0
13998,2022,2022-06-08T00:00:00,46,10,222.2,60,0,0,0,26.7,0,0,0,0,0,0,0,0
13999,2022,2022-06-08T00:00:00,47,11,400,80,0,0,0,220,0,0,0,0,0,0,0,0
14000,2022,2022-06-08T00:00:00,48,11,500,100,0,0,0,275,0,0,0,0,0,0,0,0
14001,2022,2022-06-08T00:00:00,49,4,461.5,120,0,0,0,0,60,0,0,0,0,0,0,0
14002,2022,2022-06-08T00:00:00,50,4,692.3,180,0,0,0,0,90,0,0,0,0,0,0,0
14003,2022,2022-06-08T00:00:00,51,,0,0,0,0,0,0,0,0,0,0,0,0,0,0
14004,2022,2022-06-08T00:00:00,52,,0,0,0,0,0,0,0,0,0,0,0,0,0,0
14005,2022,2022-06-08T00:00:00,53,1,173.9,80,0,0,0,0,0,0,0,0,0,0,0,0
14006,2022,2022-06-08T00:00:00,54,1,260.9,120,0,0,0,0,0,0,0,0,0,0,0,0
14007,2022,2022-06-08T00:00:00,55,9,307.7,80,0,0,0,0,40,0,0,0,0,0,0,0
14008,2022,2022-06-08T00:00:00,56,9,461.5,120,0,0,0,0,60,0,0,0,0,0,0,0
14009,2022,2022-06-08T00:00:00,57,10,296.3,80,0,0,0,35.6,0,0,0,0,0,0,0,0
14010,2022,2022-06-08T00:00:00,58,10,444.4,120,0,0,0,53.3,0,0,0,0,0,0,0,0
14011,2022,2022-06-08T00:00:00,59,10,148.1,40,0,0,0,17.8,0,0,0,0,0,0,0,0
14012,2022,2022-06-08T00:00:00,60,10,222.2,60,0,0,0,26.7,0,0,0,0,0,0,0,0
14013,2022,2022-06-08T00:00:00,61,11,400,80,0,0,0,220,0,0,0,0,0,0,0,0
14014,2022,2022-06-08T00:00:00,62,11,500,100,0,0,0,275,0,0,0,0,0,0,0,0
14015,2022,2022-06-08T00:00:00,63,12,133.3,40,0,0,0,0,0,0,0,0,0,0,0,0
14016,2022,2022-06-08T00:00:00,64,12,200,60,0,0,0,0,0,0,0,0,0,0,0,0
14017,2022,2022-06-21T00:00:00,1,,0,0,0,0,0,0,0,0,0,0,0,0,0,0
14018,2022,2022-06-21T00:00:00,2,,0,0,0,0,0,0,0,0,0,0,0,0,0,0
14019,2022,2022-06-21T00:00:00,3,1,87,40,0,0,0,0,0,0,0,0,0,0,0,0
14020,2022,2022-06-21T00:00:00,4,1,130.4,60,0,0,0,0,0,0,0,0,0,0,0,0
14021,2022,2022-06-21T00:00:00,5,9,153.8,40,0,0,0,0,20,0,0,0,0,0,0,0
14022,2022,2022-06-21T00:00:00,6,9,230.8,60,0,0,0,0,30,0,0,0,0,0,0,0
14023,2022,2022-06-21T00:00:00,7,4,0,0,0,0,0,0,0,0,0,0,0,0,0,0
14024,2022,2022-06-21T00:00:00,8,4,0,0,0,0,0,0,0,0,0,0,0,0,0,0
14025,2022,2022-06-21T00:00:00,9,10,296.3,80,0,0,0,35.6,0,0,0,0,0,0,0,0
14026,2022,2022-06-21T00:00:00,10,10,444.4,120,0,0,0,53.3,0,0,0,0,0,0,0,0
14027,2022,2022-06-21T00:00:00,11,10,148.1,40,0,0,0,17.8,0,0,0,0,0,0,0,0
14028,2022,2022-06-21T00:00:00,12,10,296.3,80,0,0,0,35.6,0,0,0,0,0,0,0,0
14029,2022,2022-06-21T00:00:00,13,12,266.7,80,0,0,0,0,0,0,0,0,0,0,0,0
14030,2022,2022-06-21T00:00:00,14,12,400,120,0,0,0,0,0,0,0,0,0,0,0,0
14031,2022,2022-06-21T00:00:00,15,10,148.1,40,0,0,0,17.8,0,0,0,0,0,0,0,0
14032,2022,2022-06-21T00:00:00,16,10,222.2,60,0,0,0,26.7,0,0,0,0,0,0,0,0
14033,2022,2022-06-21T00:00:00,17,1,87,40,0,0,0,0,0,0,0,0,0,0,0,0
14034,2022,2022-06-21T00:00:00,18,1,130.4,60,0,0,0,0,0,0,0,0,0,0,0,0
14035,2022,2022-06-21T00:00:00,19,9,153.8,40,0,0,0,0,20,0,0,0,0,0,0,0
14036,2022,2022-06-21T00:00:00,20,9,230.8,60,0,0,0,0,30,0,0,0,0,0,0,0
14037,2022,2022-06-21T00:00:00,21,4,0,0,0,0,0,0,0,0,0,0,0,0,0,0
14038,2022,2022-06-21T00:00:00,22,4,0,0,0,0,0,0,0,0,0,0,0,0,0,0
14039,2022,2022-06-21T00:00:00,23,,0,0,0,0,0,0,0,0,0,0,0,0,0,0
14040,2022,2022-06-21T00:00:00,24,,0,0,0,0,0,0,0,0,0,0,0,0,0,0
14041,2022,2022-06-21T00:00:00,25,10,148.1,40,0,0,0,17.8,0,0,0,0,0,0,0,0
14042,2022,2022-06-21T00:00:00,26,10,296.3,80,0,0,0,35.6,0,0,0,0,0,0,0,0
14043,2022,2022-06-21T00:00:00,27,12,266.7,80,0,0,0,0,0,0,0,0,0,0,0,0
14044,2022,2022-06-21T00:00:00,28,12,400,120,0,0,0,0,0,0,0,0,0,0,0,0
14045,2022,2022-06-21T00:00:00,29,10,148.1,40,0,0,0,17.8,0,0,0,0,0,0,0,0
14046,2022,2022-06-21T00:00:00,30,10,222.2,60,0,0,0,26.7,0,0,0,0,0,0,0,0
14047,2022,2022-06-21T00:00:00,31,10,296.3,80,0,0,0,35.6,0,0,0,0,0,0,0,0
14048,2022,2022-06-21T00:00:00,32,10,444.4,120,0,0,0,53.3,0,0,0,0,0,0,0,0
14049,2022,2022-06-21T00:00:00,33,9,153.8,40,0,0,0,0,20,0,0,0,0,0,0,0
14050,2022,2022-06-21T00:00:00,34,9,230.8,60,0,0,0,0,30,0,0,0,0,0,0,0
14051,2022,2022-06-21T00:00:00,35,4,0,0,0,0,0,0,0,0,0,0,0,0,0,0
14052,2022,2022-06-21T00:00:00,36,4,0,0,0,0,0,0,0,0,0,0,0,0,0,0
14053,2022,2022-06-21T00:00:00,37,,0,0,0,0,0,0,0,0,0,0,0,0,0,0
14054,2022,2022-06-21T00:00:00,38,,0,0,0,0,0,0,0,0,0,0,0,0,0,0
14055,2022,2022-06-21T00:00:00,39,1,87,40,0,0,0,0,0,0,0,0,0,0,0,0
14056,2022,2022-06-21T00:00:00,40,1,130.4,60,0,0,0,0,0,0,0,0,0,0,0,0
14057,2022,2022-06-21T00:00:00,41,12,266.7,80,0,0,0,0,0,0,0,0,0,0,0,0
14058,2022,2022-06-21T00:00:00,42,12,400,120,0,0,0,0,0,0,0,0,0,0,0,0
14059,2022,2022-06-21T00:00:00,43,10,148.1,40,0,0,0,17.8,0,0,0,0,0,0,0,0
14060,2022,2022-06-21T00:00:00,44,10,222.2,60,0,0,0,26.7,0,0,0,0,0,0,0,0
14061,2022,2022-06-21T00:00:00,45,10,296.3,80,0,0,0,35.6,0,0,0,0,0,0,0,0
14062,2022,2022-06-21T00:00:00,46,10,444.4,120,0,0,0,53.3,0,0,0,0,0,0,0,0
14063,2022,2022-06-21T00:00:00,47,10,148.1,40,0,0,0,17.8,0,0,0,0,0,0,0,0
14064,2022,2022-06-21T00:00:00,48,10,296.3,80,0,0,0,35.6,0,0,0,0,0,0,0,0
14065,2022,2022-06-21T00:00:00,49,4,0,0,0,0,0,0,0,0,0,0,0,0,0,0
14066,2022,2022-06-21T00:00:00,50,4,0,0,0,0,0,0,0,0,0,0,0,0,0,0
14067,2022,2022-06-21T00:00:00,51,,0,0,0,0,0,0,0,0,0,0,0,0,0,0
14068,2022,2022-06-21T00:00:00,52,,0,0,0,0,0,0,0,0,0,0,0,0,0,0
14069,2022,2022-06-21T00:00:00,53,1,87,40,0,0,0,0,0,0,0,0,0,0,0,0
14070,2022,2022-06-21T00:00:00,54,1,130.4,60,0,0,0,0,0,0,0,0,0,0,0,0
14071,2022,2022-06-21T00:00:00,55,9,153.8,40,0,0,0,0,20,0,0,0,0,0,0,0
14072,2022,2022-06-21T00:00:00,56,9,230.8,60,0,0,0,0,30,0,0,0,0,0,0,0
14073,2022,2022-06-21T00:00:00,57,10,148.1,40,0,0,0,17.8,0,0,0,0,0,0,0,0
14074,2022,2022-06-21T00:00:00,58,10,222.2,60,0,0,0,26.7,0,0,0,0,0,0,0,0
14075,2022,2022-06-21T00:00:00,59,10,296.3,80,0,0,0,35.6,0,0,0,0,0,0,0,0
14076,2022,2022-06-21T00:00:00,60,10,444.4,120,0,0,0,53.3,0,0,0,0,0,0,0,0
14077,2022,2022-06-21T00:00:00,61,10,148.1,40,0,0,0,17.8,0,0,0,0,0,0,0,0
14078,2022,2022-06-21T00:00:00,62,10,296.3,80,0,0,0,35.6,0,0,0,0,0,0,0,0
14079,2022,2022-06-21T00:00:00,63,12,266.7,80,0,0,0,0,0,0,0,0,0,0,0,0
14080,2022,2022-06-21T00:00:00,64,12,400,120,0,0,0,0,0,0,0,0,0,0,0,0
