Bodenbearbeitung_ID,Versuchsjahr,Termin,Parzelle_ID,Bodenbearbeitung_Massnahme_ID
4289,2015,2015-03-18T00:00:00,1,13
4290,2015,2015-03-18T00:00:00,2,13
4291,2015,2015-03-18T00:00:00,3,13
4292,2015,2015-03-18T00:00:00,4,13
4293,2015,2015-03-18T00:00:00,5,13
4294,2015,2015-03-18T00:00:00,6,13
4295,2015,2015-03-18T00:00:00,7,13
4296,2015,2015-03-18T00:00:00,8,13
4297,2015,2015-03-18T00:00:00,9,13
4298,2015,2015-03-18T00:00:00,10,13
4299,2015,2015-03-18T00:00:00,11,13
4300,2015,2015-03-18T00:00:00,12,13
4301,2015,2015-03-18T00:00:00,13,13
4302,2015,2015-03-18T00:00:00,14,13
4303,2015,2015-03-18T00:00:00,15,13
4304,2015,2015-03-18T00:00:00,16,13
4305,2015,2015-03-18T00:00:00,17,13
4306,2015,2015-03-18T00:00:00,18,13
4307,2015,2015-03-18T00:00:00,19,13
4308,2015,2015-03-18T00:00:00,20,13
4309,2015,2015-03-18T00:00:00,21,13
4310,2015,2015-03-18T00:00:00,22,13
4311,2015,2015-03-18T00:00:00,23,13
4312,2015,2015-03-18T00:00:00,24,13
4313,2015,2015-03-18T00:00:00,25,13
4314,2015,2015-03-18T00:00:00,26,13
4315,2015,2015-03-18T00:00:00,27,13
4316,2015,2015-03-18T00:00:00,28,13
4317,2015,2015-03-18T00:00:00,29,13
4318,2015,2015-03-18T00:00:00,30,13
4319,2015,2015-03-18T00:00:00,31,13
4320,2015,2015-03-18T00:00:00,32,13
4321,2015,2015-03-18T00:00:00,33,13
4322,2015,2015-03-18T00:00:00,34,13
4323,2015,2015-03-18T00:00:00,35,13
4324,2015,2015-03-18T00:00:00,36,13
4325,2015,2015-03-18T00:00:00,37,13
4326,2015,2015-03-18T00:00:00,38,13
4327,2015,2015-03-18T00:00:00,39,13
4328,2015,2015-03-18T00:00:00,40,13
4329,2015,2015-03-18T00:00:00,41,13
4330,2015,2015-03-18T00:00:00,42,13
4331,2015,2015-03-18T00:00:00,43,13
4332,2015,2015-03-18T00:00:00,44,13
4333,2015,2015-03-18T00:00:00,45,13
4334,2015,2015-03-18T00:00:00,46,13
4335,2015,2015-03-18T00:00:00,47,13
4336,2015,2015-03-18T00:00:00,48,13
4337,2015,2015-03-18T00:00:00,49,13
4338,2015,2015-03-18T00:00:00,50,13
4339,2015,2015-03-18T00:00:00,51,13
4340,2015,2015-03-18T00:00:00,52,13
4341,2015,2015-03-18T00:00:00,53,13
4342,2015,2015-03-18T00:00:00,54,13
4343,2015,2015-03-18T00:00:00,55,13
4344,2015,2015-03-18T00:00:00,56,13
4345,2015,2015-03-18T00:00:00,57,13
4346,2015,2015-03-18T00:00:00,58,13
4347,2015,2015-03-18T00:00:00,59,13
4348,2015,2015-03-18T00:00:00,60,13
4349,2015,2015-03-18T00:00:00,61,13
4350,2015,2015-03-18T00:00:00,62,13
4351,2015,2015-03-18T00:00:00,63,13
4352,2015,2015-03-18T00:00:00,64,13
4353,2016,2016-05-04T00:00:00,1,13
4354,2016,2016-05-04T00:00:00,2,13
4355,2016,2016-05-04T00:00:00,3,13
4356,2016,2016-05-04T00:00:00,4,13
4357,2016,2016-05-04T00:00:00,5,13
4358,2016,2016-05-04T00:00:00,6,13
4359,2016,2016-05-04T00:00:00,7,13
4360,2016,2016-05-04T00:00:00,8,13
4361,2016,2016-05-04T00:00:00,9,13
4362,2016,2016-05-04T00:00:00,10,13
4363,2016,2016-05-04T00:00:00,11,13
4364,2016,2016-05-04T00:00:00,12,13
4365,2016,2016-05-04T00:00:00,13,13
4366,2016,2016-05-04T00:00:00,14,13
4367,2016,2016-05-04T00:00:00,15,13
4368,2016,2016-05-04T00:00:00,16,13
4369,2016,2016-05-04T00:00:00,17,13
4370,2016,2016-05-04T00:00:00,18,13
4371,2016,2016-05-04T00:00:00,19,13
4372,2016,2016-05-04T00:00:00,20,13
4373,2016,2016-05-04T00:00:00,21,13
4374,2016,2016-05-04T00:00:00,22,13
4375,2016,2016-05-04T00:00:00,23,13
4376,2016,2016-05-04T00:00:00,24,13
4377,2016,2016-05-04T00:00:00,25,13
4378,2016,2016-05-04T00:00:00,26,13
4379,2016,2016-05-04T00:00:00,27,13
4380,2016,2016-05-04T00:00:00,28,13
4381,2016,2016-05-04T00:00:00,29,13
4382,2016,2016-05-04T00:00:00,30,13
4383,2016,2016-05-04T00:00:00,31,13
4384,2016,2016-05-04T00:00:00,32,13
4385,2016,2016-05-04T00:00:00,33,13
4386,2016,2016-05-04T00:00:00,34,13
4387,2016,2016-05-04T00:00:00,35,13
4388,2016,2016-05-04T00:00:00,36,13
4389,2016,2016-05-04T00:00:00,37,13
4390,2016,2016-05-04T00:00:00,38,13
4391,2016,2016-05-04T00:00:00,39,13
4392,2016,2016-05-04T00:00:00,40,13
4393,2016,2016-05-04T00:00:00,41,13
4394,2016,2016-05-04T00:00:00,42,13
4395,2016,2016-05-04T00:00:00,43,13
4396,2016,2016-05-04T00:00:00,44,13
4397,2016,2016-05-04T00:00:00,45,13
4398,2016,2016-05-04T00:00:00,46,13
4399,2016,2016-05-04T00:00:00,47,13
4400,2016,2016-05-04T00:00:00,48,13
4401,2016,2016-05-04T00:00:00,49,13
4402,2016,2016-05-04T00:00:00,50,13
4403,2016,2016-05-04T00:00:00,51,13
4404,2016,2016-05-04T00:00:00,52,13
4405,2016,2016-05-04T00:00:00,53,13
4406,2016,2016-05-04T00:00:00,54,13
4407,2016,2016-05-04T00:00:00,55,13
4408,2016,2016-05-04T00:00:00,56,13
4409,2016,2016-05-04T00:00:00,57,13
4410,2016,2016-05-04T00:00:00,58,13
4411,2016,2016-05-04T00:00:00,59,13
4412,2016,2016-05-04T00:00:00,60,13
4413,2016,2016-05-04T00:00:00,61,13
4414,2016,2016-05-04T00:00:00,62,13
4415,2016,2016-05-04T00:00:00,63,13
4416,2016,2016-05-04T00:00:00,64,13
4417,2017,2016-10-19T00:00:00,1,1
4418,2017,2016-10-19T00:00:00,2,1
4419,2017,2016-10-19T00:00:00,3,1
4420,2017,2016-10-19T00:00:00,4,1
4421,2017,2016-10-19T00:00:00,5,1
4422,2017,2016-10-19T00:00:00,6,1
4423,2017,2016-10-19T00:00:00,7,1
4424,2017,2016-10-19T00:00:00,8,1
4425,2017,2016-10-19T00:00:00,9,1
4426,2017,2016-10-19T00:00:00,10,1
4427,2017,2016-10-19T00:00:00,11,1
4428,2017,2016-10-19T00:00:00,12,1
4429,2017,2016-10-19T00:00:00,13,1
4430,2017,2016-10-19T00:00:00,14,1
4431,2017,2016-10-19T00:00:00,15,1
4432,2017,2016-10-19T00:00:00,16,1
4433,2017,2016-10-19T00:00:00,17,1
4434,2017,2016-10-19T00:00:00,18,1
4435,2017,2016-10-19T00:00:00,19,1
4436,2017,2016-10-19T00:00:00,20,1
4437,2017,2016-10-19T00:00:00,21,1
4438,2017,2016-10-19T00:00:00,22,1
4439,2017,2016-10-19T00:00:00,23,1
4440,2017,2016-10-19T00:00:00,24,1
4441,2017,2016-10-19T00:00:00,25,1
4442,2017,2016-10-19T00:00:00,26,1
4443,2017,2016-10-19T00:00:00,27,1
4444,2017,2016-10-19T00:00:00,28,1
4445,2017,2016-10-19T00:00:00,29,1
4446,2017,2016-10-19T00:00:00,30,1
4447,2017,2016-10-19T00:00:00,31,1
4448,2017,2016-10-19T00:00:00,32,1
4449,2017,2016-10-19T00:00:00,33,1
4450,2017,2016-10-19T00:00:00,34,1
4451,2017,2016-10-19T00:00:00,35,1
4452,2017,2016-10-19T00:00:00,36,1
4453,2017,2016-10-19T00:00:00,37,1
4454,2017,2016-10-19T00:00:00,38,1
4455,2017,2016-10-19T00:00:00,39,1
4456,2017,2016-10-19T00:00:00,40,1
4457,2017,2016-10-19T00:00:00,41,1
4458,2017,2016-10-19T00:00:00,42,1
4459,2017,2016-10-19T00:00:00,43,1
4460,2017,2016-10-19T00:00:00,44,1
4461,2017,2016-10-19T00:00:00,45,1
4462,2017,2016-10-19T00:00:00,46,1
4463,2017,2016-10-19T00:00:00,47,1
4464,2017,2016-10-19T00:00:00,48,1
4465,2017,2016-10-19T00:00:00,49,1
4466,2017,2016-10-19T00:00:00,50,1
4467,2017,2016-10-19T00:00:00,51,1
4468,2017,2016-10-19T00:00:00,52,1
4469,2017,2016-10-19T00:00:00,53,1
4470,2017,2016-10-19T00:00:00,54,1
4471,2017,2016-10-19T00:00:00,55,1
4472,2017,2016-10-19T00:00:00,56,1
4473,2017,2016-10-19T00:00:00,57,1
4474,2017,2016-10-19T00:00:00,58,1
4475,2017,2016-10-19T00:00:00,59,1
4476,2017,2016-10-19T00:00:00,60,1
4477,2017,2016-10-19T00:00:00,61,1
4478,2017,2016-10-19T00:00:00,62,1
4479,2017,2016-10-19T00:00:00,63,1
4480,2017,2016-10-19T00:00:00,64,1
4481,2017,2016-10-22T00:00:00,1,7
4482,2017,2016-10-22T00:00:00,2,7
4483,2017,2016-10-22T00:00:00,3,7
4484,2017,2016-10-22T00:00:00,4,7
4485,2017,2016-10-22T00:00:00,5,7
4486,2017,2016-10-22T00:00:00,6,7
4487,2017,2016-10-22T00:00:00,7,7
4488,2017,2016-10-22T00:00:00,8,7
4489,2017,2016-10-22T00:00:00,9,7
4490,2017,2016-10-22T00:00:00,10,7
4491,2017,2016-10-22T00:00:00,11,7
4492,2017,2016-10-22T00:00:00,12,7
4493,2017,2016-10-22T00:00:00,13,7
4494,2017,2016-10-22T00:00:00,14,7
4495,2017,2016-10-22T00:00:00,15,7
4496,2017,2016-10-22T00:00:00,16,7
4497,2017,2016-10-22T00:00:00,17,7
4498,2017,2016-10-22T00:00:00,18,7
4499,2017,2016-10-22T00:00:00,19,7
4500,2017,2016-10-22T00:00:00,20,7
4501,2017,2016-10-22T00:00:00,21,7
4502,2017,2016-10-22T00:00:00,22,7
4503,2017,2016-10-22T00:00:00,23,7
4504,2017,2016-10-22T00:00:00,24,7
4505,2017,2016-10-22T00:00:00,25,7
4506,2017,2016-10-22T00:00:00,26,7
4507,2017,2016-10-22T00:00:00,27,7
4508,2017,2016-10-22T00:00:00,28,7
4509,2017,2016-10-22T00:00:00,29,7
4510,2017,2016-10-22T00:00:00,30,7
4511,2017,2016-10-22T00:00:00,31,7
4512,2017,2016-10-22T00:00:00,32,7
4513,2017,2016-10-22T00:00:00,33,7
4514,2017,2016-10-22T00:00:00,34,7
4515,2017,2016-10-22T00:00:00,35,7
4516,2017,2016-10-22T00:00:00,36,7
4517,2017,2016-10-22T00:00:00,37,7
4518,2017,2016-10-22T00:00:00,38,7
4519,2017,2016-10-22T00:00:00,39,7
4520,2017,2016-10-22T00:00:00,40,7
4521,2017,2016-10-22T00:00:00,41,7
4522,2017,2016-10-22T00:00:00,42,7
4523,2017,2016-10-22T00:00:00,43,7
4524,2017,2016-10-22T00:00:00,44,7
4525,2017,2016-10-22T00:00:00,45,7
4526,2017,2016-10-22T00:00:00,46,7
4527,2017,2016-10-22T00:00:00,47,7
4528,2017,2016-10-22T00:00:00,48,7
4529,2017,2016-10-22T00:00:00,49,7
4530,2017,2016-10-22T00:00:00,50,7
4531,2017,2016-10-22T00:00:00,51,7
4532,2017,2016-10-22T00:00:00,52,7
4533,2017,2016-10-22T00:00:00,53,7
4534,2017,2016-10-22T00:00:00,54,7
4535,2017,2016-10-22T00:00:00,55,7
4536,2017,2016-10-22T00:00:00,56,7
4537,2017,2016-10-22T00:00:00,57,7
4538,2017,2016-10-22T00:00:00,58,7
4539,2017,2016-10-22T00:00:00,59,7
4540,2017,2016-10-22T00:00:00,60,7
4541,2017,2016-10-22T00:00:00,61,7
4542,2017,2016-10-22T00:00:00,62,7
4543,2017,2016-10-22T00:00:00,63,7
4544,2017,2016-10-22T00:00:00,64,7
4545,2017,2016-10-24T00:00:00,1,13
4546,2017,2016-10-24T00:00:00,2,13
4547,2017,2016-10-24T00:00:00,3,13
4548,2017,2016-10-24T00:00:00,4,13
4549,2017,2016-10-24T00:00:00,5,13
4550,2017,2016-10-24T00:00:00,6,13
4551,2017,2016-10-24T00:00:00,7,13
4552,2017,2016-10-24T00:00:00,8,13
4553,2017,2016-10-24T00:00:00,9,13
4554,2017,2016-10-24T00:00:00,10,13
4555,2017,2016-10-24T00:00:00,11,13
4556,2017,2016-10-24T00:00:00,12,13
4557,2017,2016-10-24T00:00:00,13,13
4558,2017,2016-10-24T00:00:00,14,13
4559,2017,2016-10-24T00:00:00,15,13
4560,2017,2016-10-24T00:00:00,16,13
4561,2017,2016-10-24T00:00:00,17,13
4562,2017,2016-10-24T00:00:00,18,13
4563,2017,2016-10-24T00:00:00,19,13
4564,2017,2016-10-24T00:00:00,20,13
4565,2017,2016-10-24T00:00:00,21,13
4566,2017,2016-10-24T00:00:00,22,13
4567,2017,2016-10-24T00:00:00,23,13
4568,2017,2016-10-24T00:00:00,24,13
4569,2017,2016-10-24T00:00:00,25,13
4570,2017,2016-10-24T00:00:00,26,13
4571,2017,2016-10-24T00:00:00,27,13
4572,2017,2016-10-24T00:00:00,28,13
4573,2017,2016-10-24T00:00:00,29,13
4574,2017,2016-10-24T00:00:00,30,13
4575,2017,2016-10-24T00:00:00,31,13
4576,2017,2016-10-24T00:00:00,32,13
4577,2017,2016-10-24T00:00:00,33,13
4578,2017,2016-10-24T00:00:00,34,13
4579,2017,2016-10-24T00:00:00,35,13
4580,2017,2016-10-24T00:00:00,36,13
4581,2017,2016-10-24T00:00:00,37,13
4582,2017,2016-10-24T00:00:00,38,13
4583,2017,2016-10-24T00:00:00,39,13
4584,2017,2016-10-24T00:00:00,40,13
4585,2017,2016-10-24T00:00:00,41,13
4586,2017,2016-10-24T00:00:00,42,13
4587,2017,2016-10-24T00:00:00,43,13
4588,2017,2016-10-24T00:00:00,44,13
4589,2017,2016-10-24T00:00:00,45,13
4590,2017,2016-10-24T00:00:00,46,13
4591,2017,2016-10-24T00:00:00,47,13
4592,2017,2016-10-24T00:00:00,48,13
4593,2017,2016-10-24T00:00:00,49,13
4594,2017,2016-10-24T00:00:00,50,13
4595,2017,2016-10-24T00:00:00,51,13
4596,2017,2016-10-24T00:00:00,52,13
4597,2017,2016-10-24T00:00:00,53,13
4598,2017,2016-10-24T00:00:00,54,13
4599,2017,2016-10-24T00:00:00,55,13
4600,2017,2016-10-24T00:00:00,56,13
4601,2017,2016-10-24T00:00:00,57,13
4602,2017,2016-10-24T00:00:00,58,13
4603,2017,2016-10-24T00:00:00,59,13
4604,2017,2016-10-24T00:00:00,60,13
4605,2017,2016-10-24T00:00:00,61,13
4606,2017,2016-10-24T00:00:00,62,13
4607,2017,2016-10-24T00:00:00,63,13
4608,2017,2016-10-24T00:00:00,64,13
4609,2019,2018-10-11T00:00:00,1,7
4610,2019,2018-10-11T00:00:00,2,7
4611,2019,2018-10-11T00:00:00,3,7
4612,2019,2018-10-11T00:00:00,4,7
4613,2019,2018-10-11T00:00:00,5,7
4614,2019,2018-10-11T00:00:00,6,7
4615,2019,2018-10-11T00:00:00,7,7
4616,2019,2018-10-11T00:00:00,8,7
4617,2019,2018-10-11T00:00:00,9,7
4618,2019,2018-10-11T00:00:00,10,7
4619,2019,2018-10-11T00:00:00,11,7
4620,2019,2018-10-11T00:00:00,12,7
4621,2019,2018-10-11T00:00:00,13,7
4622,2019,2018-10-11T00:00:00,14,7
4623,2019,2018-10-11T00:00:00,15,7
4624,2019,2018-10-11T00:00:00,16,7
4625,2019,2018-10-11T00:00:00,17,7
4626,2019,2018-10-11T00:00:00,18,7
4627,2019,2018-10-11T00:00:00,19,7
4628,2019,2018-10-11T00:00:00,20,7
4629,2019,2018-10-11T00:00:00,21,7
4630,2019,2018-10-11T00:00:00,22,7
4631,2019,2018-10-11T00:00:00,23,7
4632,2019,2018-10-11T00:00:00,24,7
4633,2019,2018-10-11T00:00:00,25,7
4634,2019,2018-10-11T00:00:00,26,7
4635,2019,2018-10-11T00:00:00,27,7
4636,2019,2018-10-11T00:00:00,28,7
4637,2019,2018-10-11T00:00:00,29,7
4638,2019,2018-10-11T00:00:00,30,7
4639,2019,2018-10-11T00:00:00,31,7
4640,2019,2018-10-11T00:00:00,32,7
4641,2019,2018-10-11T00:00:00,33,7
4642,2019,2018-10-11T00:00:00,34,7
4643,2019,2018-10-11T00:00:00,35,7
4644,2019,2018-10-11T00:00:00,36,7
4645,2019,2018-10-11T00:00:00,37,7
4646,2019,2018-10-11T00:00:00,38,7
4647,2019,2018-10-11T00:00:00,39,7
4648,2019,2018-10-11T00:00:00,40,7
4649,2019,2018-10-11T00:00:00,41,7
4650,2019,2018-10-11T00:00:00,42,7
4651,2019,2018-10-11T00:00:00,43,7
4652,2019,2018-10-11T00:00:00,44,7
4653,2019,2018-10-11T00:00:00,45,7
4654,2019,2018-10-11T00:00:00,46,7
4655,2019,2018-10-11T00:00:00,47,7
4656,2019,2018-10-11T00:00:00,48,7
4657,2019,2018-10-11T00:00:00,49,7
4658,2019,2018-10-11T00:00:00,50,7
4659,2019,2018-10-11T00:00:00,51,7
4660,2019,2018-10-11T00:00:00,52,7
4661,2019,2018-10-11T00:00:00,53,7
4662,2019,2018-10-11T00:00:00,54,7
4663,2019,2018-10-11T00:00:00,55,7
4664,2019,2018-10-11T00:00:00,56,7
4665,2019,2018-10-11T00:00:00,57,7
4666,2019,2018-10-11T00:00:00,58,7
4667,2019,2018-10-11T00:00:00,59,7
4668,2019,2018-10-11T00:00:00,60,7
4669,2019,2018-10-11T00:00:00,61,7
4670,2019,2018-10-11T00:00:00,62,7
4671,2019,2018-10-11T00:00:00,63,7
4672,2019,2018-10-11T00:00:00,64,7
4673,2019,2018-10-11T00:00:00,1,13
4674,2019,2018-10-11T00:00:00,2,13
4675,2019,2018-10-11T00:00:00,3,13
4676,2019,2018-10-11T00:00:00,4,13
4677,2019,2018-10-11T00:00:00,5,13
4678,2019,2018-10-11T00:00:00,6,13
4679,2019,2018-10-11T00:00:00,7,13
4680,2019,2018-10-11T00:00:00,8,13
4681,2019,2018-10-11T00:00:00,9,13
4682,2019,2018-10-11T00:00:00,10,13
4683,2019,2018-10-11T00:00:00,11,13
4684,2019,2018-10-11T00:00:00,12,13
4685,2019,2018-10-11T00:00:00,13,13
4686,2019,2018-10-11T00:00:00,14,13
4687,2019,2018-10-11T00:00:00,15,13
4688,2019,2018-10-11T00:00:00,16,13
4689,2019,2018-10-11T00:00:00,17,13
4690,2019,2018-10-11T00:00:00,18,13
4691,2019,2018-10-11T00:00:00,19,13
4692,2019,2018-10-11T00:00:00,20,13
4693,2019,2018-10-11T00:00:00,21,13
4694,2019,2018-10-11T00:00:00,22,13
4695,2019,2018-10-11T00:00:00,23,13
4696,2019,2018-10-11T00:00:00,24,13
4697,2019,2018-10-11T00:00:00,25,13
4698,2019,2018-10-11T00:00:00,26,13
4699,2019,2018-10-11T00:00:00,27,13
4700,2019,2018-10-11T00:00:00,28,13
4701,2019,2018-10-11T00:00:00,29,13
4702,2019,2018-10-11T00:00:00,30,13
4703,2019,2018-10-11T00:00:00,31,13
4704,2019,2018-10-11T00:00:00,32,13
4705,2019,2018-10-11T00:00:00,33,13
4706,2019,2018-10-11T00:00:00,34,13
4707,2019,2018-10-11T00:00:00,35,13
4708,2019,2018-10-11T00:00:00,36,13
4709,2019,2018-10-11T00:00:00,37,13
4710,2019,2018-10-11T00:00:00,38,13
4711,2019,2018-10-11T00:00:00,39,13
4712,2019,2018-10-11T00:00:00,40,13
4713,2019,2018-10-11T00:00:00,41,13
4714,2019,2018-10-11T00:00:00,42,13
4715,2019,2018-10-11T00:00:00,43,13
4716,2019,2018-10-11T00:00:00,44,13
4717,2019,2018-10-11T00:00:00,45,13
4718,2019,2018-10-11T00:00:00,46,13
4719,2019,2018-10-11T00:00:00,47,13
4720,2019,2018-10-11T00:00:00,48,13
4721,2019,2018-10-11T00:00:00,49,13
4722,2019,2018-10-11T00:00:00,50,13
4723,2019,2018-10-11T00:00:00,51,13
4724,2019,2018-10-11T00:00:00,52,13
4725,2019,2018-10-11T00:00:00,53,13
4726,2019,2018-10-11T00:00:00,54,13
4727,2019,2018-10-11T00:00:00,55,13
4728,2019,2018-10-11T00:00:00,56,13
4729,2019,2018-10-11T00:00:00,57,13
4730,2019,2018-10-11T00:00:00,58,13
4731,2019,2018-10-11T00:00:00,59,13
4732,2019,2018-10-11T00:00:00,60,13
4733,2019,2018-10-11T00:00:00,61,13
4734,2019,2018-10-11T00:00:00,62,13
4735,2019,2018-10-11T00:00:00,63,13
4736,2019,2018-10-11T00:00:00,64,13
4737,2020,2019-11-07T00:00:00,1,7
4738,2020,2019-11-07T00:00:00,2,7
4739,2020,2019-11-07T00:00:00,3,7
4740,2020,2019-11-07T00:00:00,4,7
4741,2020,2019-11-07T00:00:00,5,7
4742,2020,2019-11-07T00:00:00,6,7
4743,2020,2019-11-07T00:00:00,7,7
4744,2020,2019-11-07T00:00:00,8,7
4745,2020,2019-11-07T00:00:00,9,7
4746,2020,2019-11-07T00:00:00,10,7
4747,2020,2019-11-07T00:00:00,11,7
4748,2020,2019-11-07T00:00:00,12,7
4749,2020,2019-11-07T00:00:00,13,7
4750,2020,2019-11-07T00:00:00,14,7
4751,2020,2019-11-07T00:00:00,15,7
4752,2020,2019-11-07T00:00:00,16,7
4753,2020,2019-11-07T00:00:00,17,7
4754,2020,2019-11-07T00:00:00,18,7
4755,2020,2019-11-07T00:00:00,19,7
4756,2020,2019-11-07T00:00:00,20,7
4757,2020,2019-11-07T00:00:00,21,7
4758,2020,2019-11-07T00:00:00,22,7
4759,2020,2019-11-07T00:00:00,23,7
4760,2020,2019-11-07T00:00:00,24,7
4761,2020,2019-11-07T00:00:00,25,7
4762,2020,2019-11-07T00:00:00,26,7
4763,2020,2019-11-07T00:00:00,27,7
4764,2020,2019-11-07T00:00:00,28,7
4765,2020,2019-11-07T00:00:00,29,7
4766,2020,2019-11-07T00:00:00,30,7
4767,2020,2019-11-07T00:00:00,31,7
4768,2020,2019-11-07T00:00:00,32,7
4769,2020,2019-11-07T00:00:00,33,7
4770,2020,2019-11-07T00:00:00,34,7
4771,2020,2019-11-07T00:00:00,35,7
4772,2020,2019-11-07T00:00:00,36,7
4773,2020,2019-11-07T00:00:00,37,7
4774,2020,2019-11-07T00:00:00,38,7
4775,2020,2019-11-07T00:00:00,39,7
4776,2020,2019-11-07T00:00:00,40,7
4777,2020,2019-11-07T00:00:00,41,7
4778,2020,2019-11-07T00:00:00,42,7
4779,2020,2019-11-07T00:00:00,43,7
4780,2020,2019-11-07T00:00:00,44,7
4781,2020,2019-11-07T00:00:00,45,7
4782,2020,2019-11-07T00:00:00,46,7
4783,2020,2019-11-07T00:00:00,47,7
4784,2020,2019-11-07T00:00:00,48,7
4785,2020,2019-11-07T00:00:00,49,7
4786,2020,2019-11-07T00:00:00,50,7
4787,2020,2019-11-07T00:00:00,51,7
4788,2020,2019-11-07T00:00:00,52,7
4789,2020,2019-11-07T00:00:00,53,7
4790,2020,2019-11-07T00:00:00,54,7
4791,2020,2019-11-07T00:00:00,55,7
4792,2020,2019-11-07T00:00:00,56,7
4793,2020,2019-11-07T00:00:00,57,7
4794,2020,2019-11-07T00:00:00,58,7
4795,2020,2019-11-07T00:00:00,59,7
4796,2020,2019-11-07T00:00:00,60,7
4797,2020,2019-11-07T00:00:00,61,7
4798,2020,2019-11-07T00:00:00,62,7
4799,2020,2019-11-07T00:00:00,63,7
4800,2020,2019-11-07T00:00:00,64,7
4801,2020,2020-03-30T00:00:00,1,13
4802,2020,2020-03-30T00:00:00,2,13
4803,2020,2020-03-30T00:00:00,3,13
4804,2020,2020-03-30T00:00:00,4,13
4805,2020,2020-03-30T00:00:00,5,13
4806,2020,2020-03-30T00:00:00,6,13
4807,2020,2020-03-30T00:00:00,7,13
4808,2020,2020-03-30T00:00:00,8,13
4809,2020,2020-03-30T00:00:00,9,13
4810,2020,2020-03-30T00:00:00,10,13
4811,2020,2020-03-30T00:00:00,11,13
4812,2020,2020-03-30T00:00:00,12,13
4813,2020,2020-03-30T00:00:00,13,13
4814,2020,2020-03-30T00:00:00,14,13
4815,2020,2020-03-30T00:00:00,15,13
4816,2020,2020-03-30T00:00:00,16,13
4817,2020,2020-03-30T00:00:00,17,13
4818,2020,2020-03-30T00:00:00,18,13
4819,2020,2020-03-30T00:00:00,19,13
4820,2020,2020-03-30T00:00:00,20,13
4821,2020,2020-03-30T00:00:00,21,13
4822,2020,2020-03-30T00:00:00,22,13
4823,2020,2020-03-30T00:00:00,23,13
4824,2020,2020-03-30T00:00:00,24,13
4825,2020,2020-03-30T00:00:00,25,13
4826,2020,2020-03-30T00:00:00,26,13
4827,2020,2020-03-30T00:00:00,27,13
4828,2020,2020-03-30T00:00:00,28,13
4829,2020,2020-03-30T00:00:00,29,13
4830,2020,2020-03-30T00:00:00,30,13
4831,2020,2020-03-30T00:00:00,31,13
4832,2020,2020-03-30T00:00:00,32,13
4833,2020,2020-03-30T00:00:00,33,13
4834,2020,2020-03-30T00:00:00,34,13
4835,2020,2020-03-30T00:00:00,35,13
4836,2020,2020-03-30T00:00:00,36,13
4837,2020,2020-03-30T00:00:00,37,13
4838,2020,2020-03-30T00:00:00,38,13
4839,2020,2020-03-30T00:00:00,39,13
4840,2020,2020-03-30T00:00:00,40,13
4841,2020,2020-03-30T00:00:00,41,13
4842,2020,2020-03-30T00:00:00,42,13
4843,2020,2020-03-30T00:00:00,43,13
4844,2020,2020-03-30T00:00:00,44,13
4845,2020,2020-03-30T00:00:00,45,13
4846,2020,2020-03-30T00:00:00,46,13
4847,2020,2020-03-30T00:00:00,47,13
4848,2020,2020-03-30T00:00:00,48,13
4849,2020,2020-03-30T00:00:00,49,13
4850,2020,2020-03-30T00:00:00,50,13
4851,2020,2020-03-30T00:00:00,51,13
4852,2020,2020-03-30T00:00:00,52,13
4853,2020,2020-03-30T00:00:00,53,13
4854,2020,2020-03-30T00:00:00,54,13
4855,2020,2020-03-30T00:00:00,55,13
4856,2020,2020-03-30T00:00:00,56,13
4857,2020,2020-03-30T00:00:00,57,13
4858,2020,2020-03-30T00:00:00,58,13
4859,2020,2020-03-30T00:00:00,59,13
4860,2020,2020-03-30T00:00:00,60,13
4861,2020,2020-03-30T00:00:00,61,13
4862,2020,2020-03-30T00:00:00,62,13
4863,2020,2020-03-30T00:00:00,63,13
4864,2020,2020-03-30T00:00:00,64,13
4865,2020,2020-08-25T00:00:00,1,16
4866,2020,2020-08-25T00:00:00,2,16
4867,2020,2020-08-25T00:00:00,3,16
4868,2020,2020-08-25T00:00:00,4,16
4869,2020,2020-08-25T00:00:00,5,16
4870,2020,2020-08-25T00:00:00,6,16
4871,2020,2020-08-25T00:00:00,7,16
4872,2020,2020-08-25T00:00:00,8,16
4873,2020,2020-08-25T00:00:00,9,16
4874,2020,2020-08-25T00:00:00,10,16
4875,2020,2020-08-25T00:00:00,11,16
4876,2020,2020-08-25T00:00:00,12,16
4877,2020,2020-08-25T00:00:00,13,16
4878,2020,2020-08-25T00:00:00,14,16
4879,2020,2020-08-25T00:00:00,15,16
4880,2020,2020-08-25T00:00:00,16,16
4881,2020,2020-08-25T00:00:00,17,16
4882,2020,2020-08-25T00:00:00,18,16
4883,2020,2020-08-25T00:00:00,19,16
4884,2020,2020-08-25T00:00:00,20,16
4885,2020,2020-08-25T00:00:00,21,16
4886,2020,2020-08-25T00:00:00,22,16
4887,2020,2020-08-25T00:00:00,23,16
4888,2020,2020-08-25T00:00:00,24,16
4889,2020,2020-08-25T00:00:00,25,16
4890,2020,2020-08-25T00:00:00,26,16
4891,2020,2020-08-25T00:00:00,27,16
4892,2020,2020-08-25T00:00:00,28,16
4893,2020,2020-08-25T00:00:00,29,16
4894,2020,2020-08-25T00:00:00,30,16
4895,2020,2020-08-25T00:00:00,31,16
4896,2020,2020-08-25T00:00:00,32,16
4897,2020,2020-08-25T00:00:00,33,16
4898,2020,2020-08-25T00:00:00,34,16
4899,2020,2020-08-25T00:00:00,35,16
4900,2020,2020-08-25T00:00:00,36,16
4901,2020,2020-08-25T00:00:00,37,16
4902,2020,2020-08-25T00:00:00,38,16
4903,2020,2020-08-25T00:00:00,39,16
4904,2020,2020-08-25T00:00:00,40,16
4905,2020,2020-08-25T00:00:00,41,16
4906,2020,2020-08-25T00:00:00,42,16
4907,2020,2020-08-25T00:00:00,43,16
4908,2020,2020-08-25T00:00:00,44,16
4909,2020,2020-08-25T00:00:00,45,16
4910,2020,2020-08-25T00:00:00,46,16
4911,2020,2020-08-25T00:00:00,47,16
4912,2020,2020-08-25T00:00:00,48,16
4913,2020,2020-08-25T00:00:00,49,16
4914,2020,2020-08-25T00:00:00,50,16
4915,2020,2020-08-25T00:00:00,51,16
4916,2020,2020-08-25T00:00:00,52,16
4917,2020,2020-08-25T00:00:00,53,16
4918,2020,2020-08-25T00:00:00,54,16
4919,2020,2020-08-25T00:00:00,55,16
4920,2020,2020-08-25T00:00:00,56,16
4921,2020,2020-08-25T00:00:00,57,16
4922,2020,2020-08-25T00:00:00,58,16
4923,2020,2020-08-25T00:00:00,59,16
4924,2020,2020-08-25T00:00:00,60,16
4925,2020,2020-08-25T00:00:00,61,16
4926,2020,2020-08-25T00:00:00,62,16
4927,2020,2020-08-25T00:00:00,63,16
4928,2020,2020-08-25T00:00:00,64,16
4929,2021,2020-09-14T00:00:00,1,7
4930,2021,2020-09-14T00:00:00,2,7
4931,2021,2020-09-14T00:00:00,3,7
4932,2021,2020-09-14T00:00:00,4,7
4933,2021,2020-09-14T00:00:00,5,7
4934,2021,2020-09-14T00:00:00,6,7
4935,2021,2020-09-14T00:00:00,7,7
4936,2021,2020-09-14T00:00:00,8,7
4937,2021,2020-09-14T00:00:00,9,7
4938,2021,2020-09-14T00:00:00,10,7
4939,2021,2020-09-14T00:00:00,11,7
4940,2021,2020-09-14T00:00:00,12,7
4941,2021,2020-09-14T00:00:00,13,7
4942,2021,2020-09-14T00:00:00,14,7
4943,2021,2020-09-14T00:00:00,15,7
4944,2021,2020-09-14T00:00:00,16,7
4945,2021,2020-09-14T00:00:00,17,7
4946,2021,2020-09-14T00:00:00,18,7
4947,2021,2020-09-14T00:00:00,19,7
4948,2021,2020-09-14T00:00:00,20,7
4949,2021,2020-09-14T00:00:00,21,7
4950,2021,2020-09-14T00:00:00,22,7
4951,2021,2020-09-14T00:00:00,23,7
4952,2021,2020-09-14T00:00:00,24,7
4953,2021,2020-09-14T00:00:00,25,7
4954,2021,2020-09-14T00:00:00,26,7
4955,2021,2020-09-14T00:00:00,27,7
4956,2021,2020-09-14T00:00:00,28,7
4957,2021,2020-09-14T00:00:00,29,7
4958,2021,2020-09-14T00:00:00,30,7
4959,2021,2020-09-14T00:00:00,31,7
4960,2021,2020-09-14T00:00:00,32,7
4961,2021,2020-09-14T00:00:00,33,7
4962,2021,2020-09-14T00:00:00,34,7
4963,2021,2020-09-14T00:00:00,35,7
4964,2021,2020-09-14T00:00:00,36,7
4965,2021,2020-09-14T00:00:00,37,7
4966,2021,2020-09-14T00:00:00,38,7
4967,2021,2020-09-14T00:00:00,39,7
4968,2021,2020-09-14T00:00:00,40,7
4969,2021,2020-09-14T00:00:00,41,7
4970,2021,2020-09-14T00:00:00,42,7
4971,2021,2020-09-14T00:00:00,43,7
4972,2021,2020-09-14T00:00:00,44,7
4973,2021,2020-09-14T00:00:00,45,7
4974,2021,2020-09-14T00:00:00,46,7
4975,2021,2020-09-14T00:00:00,47,7
4976,2021,2020-09-14T00:00:00,48,7
4977,2021,2020-09-14T00:00:00,49,7
4978,2021,2020-09-14T00:00:00,50,7
4979,2021,2020-09-14T00:00:00,51,7
4980,2021,2020-09-14T00:00:00,52,7
4981,2021,2020-09-14T00:00:00,53,7
4982,2021,2020-09-14T00:00:00,54,7
4983,2021,2020-09-14T00:00:00,55,7
4984,2021,2020-09-14T00:00:00,56,7
4985,2021,2020-09-14T00:00:00,57,7
4986,2021,2020-09-14T00:00:00,58,7
4987,2021,2020-09-14T00:00:00,59,7
4988,2021,2020-09-14T00:00:00,60,7
4989,2021,2020-09-14T00:00:00,61,7
4990,2021,2020-09-14T00:00:00,62,7
4991,2021,2020-09-14T00:00:00,63,7
4992,2020,2020-09-14T00:00:00,64,7
4993,2021,2020-09-16T00:00:00,1,13
4994,2021,2020-09-16T00:00:00,2,13
4995,2021,2020-09-16T00:00:00,3,13
4996,2021,2020-09-16T00:00:00,4,13
4997,2021,2020-09-16T00:00:00,5,13
4998,2021,2020-09-16T00:00:00,6,13
4999,2021,2020-09-16T00:00:00,7,13
5000,2021,2020-09-16T00:00:00,8,13
5001,2021,2020-09-16T00:00:00,9,13
5002,2021,2020-09-16T00:00:00,10,13
5003,2021,2020-09-16T00:00:00,11,13
5004,2021,2020-09-16T00:00:00,12,13
5005,2021,2020-09-16T00:00:00,13,13
5006,2021,2020-09-16T00:00:00,14,13
5007,2021,2020-09-16T00:00:00,15,13
5008,2021,2020-09-16T00:00:00,16,13
5009,2021,2020-09-16T00:00:00,17,13
5010,2021,2020-09-16T00:00:00,18,13
5011,2021,2020-09-16T00:00:00,19,13
5012,2021,2020-09-16T00:00:00,20,13
5013,2021,2020-09-16T00:00:00,21,13
5014,2021,2020-09-16T00:00:00,22,13
5015,2021,2020-09-16T00:00:00,23,13
5016,2021,2020-09-16T00:00:00,24,13
5017,2021,2020-09-16T00:00:00,25,13
5018,2021,2020-09-16T00:00:00,26,13
5019,2021,2020-09-16T00:00:00,27,13
5020,2021,2020-09-16T00:00:00,28,13
5021,2021,2020-09-16T00:00:00,29,13
5022,2021,2020-09-16T00:00:00,30,13
5023,2021,2020-09-16T00:00:00,31,13
5024,2021,2020-09-16T00:00:00,32,13
5025,2021,2020-09-16T00:00:00,33,13
5026,2021,2020-09-16T00:00:00,34,13
5027,2021,2020-09-16T00:00:00,35,13
5028,2021,2020-09-16T00:00:00,36,13
5029,2021,2020-09-16T00:00:00,37,13
5030,2021,2020-09-16T00:00:00,38,13
5031,2021,2020-09-16T00:00:00,39,13
5032,2021,2020-09-16T00:00:00,40,13
5033,2021,2020-09-16T00:00:00,41,13
5034,2021,2020-09-16T00:00:00,42,13
5035,2021,2020-09-16T00:00:00,43,13
5036,2021,2020-09-16T00:00:00,44,13
5037,2021,2020-09-16T00:00:00,45,13
5038,2021,2020-09-16T00:00:00,46,13
5039,2021,2020-09-16T00:00:00,47,13
5040,2021,2020-09-16T00:00:00,48,13
5041,2021,2020-09-16T00:00:00,49,13
5042,2021,2020-09-16T00:00:00,50,13
5043,2021,2020-09-16T00:00:00,51,13
5044,2021,2020-09-16T00:00:00,52,13
5045,2021,2020-09-16T00:00:00,53,13
5046,2021,2020-09-16T00:00:00,54,13
5047,2021,2020-09-16T00:00:00,55,13
5048,2021,2020-09-16T00:00:00,56,13
5049,2021,2020-09-16T00:00:00,57,13
5050,2021,2020-09-16T00:00:00,58,13
5051,2021,2020-09-16T00:00:00,59,13
5052,2021,2020-09-16T00:00:00,60,13
5053,2021,2020-09-16T00:00:00,61,13
5054,2021,2020-09-16T00:00:00,62,13
5055,2021,2020-09-16T00:00:00,63,13
5056,2021,2020-09-16T00:00:00,64,13
5057,2022,2021-11-23T00:00:00,1,7
5058,2022,2021-11-23T00:00:00,2,7
5059,2022,2021-11-23T00:00:00,3,7
5060,2022,2021-11-23T00:00:00,4,7
5061,2022,2021-11-23T00:00:00,5,7
5062,2022,2021-11-23T00:00:00,6,7
5063,2022,2021-11-23T00:00:00,7,7
5064,2022,2021-11-23T00:00:00,8,7
5065,2022,2021-11-23T00:00:00,9,7
5066,2022,2021-11-23T00:00:00,10,7
5067,2022,2021-11-23T00:00:00,11,7
5068,2022,2021-11-23T00:00:00,12,7
5069,2022,2021-11-23T00:00:00,13,7
5070,2022,2021-11-23T00:00:00,14,7
5071,2022,2021-11-23T00:00:00,15,7
5072,2022,2021-11-23T00:00:00,16,7
5073,2022,2021-11-23T00:00:00,17,7
5074,2022,2021-11-23T00:00:00,18,7
5075,2022,2021-11-23T00:00:00,19,7
5076,2022,2021-11-23T00:00:00,20,7
5077,2022,2021-11-23T00:00:00,21,7
5078,2022,2021-11-23T00:00:00,22,7
5079,2022,2021-11-23T00:00:00,23,7
5080,2022,2021-11-23T00:00:00,24,7
5081,2022,2021-11-23T00:00:00,25,7
5082,2022,2021-11-23T00:00:00,26,7
5083,2022,2021-11-23T00:00:00,27,7
5084,2022,2021-11-23T00:00:00,28,7
5085,2022,2021-11-23T00:00:00,29,7
5086,2022,2021-11-23T00:00:00,30,7
5087,2022,2021-11-23T00:00:00,31,7
5088,2022,2021-11-23T00:00:00,32,7
5089,2022,2021-11-23T00:00:00,33,7
5090,2022,2021-11-23T00:00:00,34,7
5091,2022,2021-11-23T00:00:00,35,7
5092,2022,2021-11-23T00:00:00,36,7
5093,2022,2021-11-23T00:00:00,37,7
5094,2022,2021-11-23T00:00:00,38,7
5095,2022,2021-11-23T00:00:00,39,7
5096,2022,2021-11-23T00:00:00,40,7
5097,2022,2021-11-23T00:00:00,41,7
5098,2022,2021-11-23T00:00:00,42,7
5099,2022,2021-11-23T00:00:00,43,7
5100,2022,2021-11-23T00:00:00,44,7
5101,2022,2021-11-23T00:00:00,45,7
5102,2022,2021-11-23T00:00:00,46,7
5103,2022,2021-11-23T00:00:00,47,7
5104,2022,2021-11-23T00:00:00,48,7
5105,2022,2021-11-23T00:00:00,49,7
5106,2022,2021-11-23T00:00:00,50,7
5107,2022,2021-11-23T00:00:00,51,7
5108,2022,2021-11-23T00:00:00,52,7
5109,2022,2021-11-23T00:00:00,53,7
5110,2022,2021-11-23T00:00:00,54,7
5111,2022,2021-11-23T00:00:00,55,7
5112,2022,2021-11-23T00:00:00,56,7
5113,2022,2021-11-23T00:00:00,57,7
5114,2022,2021-11-23T00:00:00,58,7
5115,2022,2021-11-23T00:00:00,59,7
5116,2022,2021-11-23T00:00:00,60,7
5117,2022,2021-11-23T00:00:00,61,7
5118,2022,2021-11-23T00:00:00,62,7
5119,2022,2021-11-23T00:00:00,63,7
5120,2022,2021-11-23T00:00:00,64,7
5121,2022,2022-05-02T00:00:00,1,13
5122,2022,2022-05-02T00:00:00,2,13
5123,2022,2022-05-02T00:00:00,3,13
5124,2022,2022-05-02T00:00:00,4,13
5125,2022,2022-05-02T00:00:00,5,13
5126,2022,2022-05-02T00:00:00,6,13
5127,2022,2022-05-02T00:00:00,7,13
5128,2022,2022-05-02T00:00:00,8,13
5129,2022,2022-05-02T00:00:00,9,13
5130,2022,2022-05-02T00:00:00,10,13
5131,2022,2022-05-02T00:00:00,11,13
5132,2022,2022-05-02T00:00:00,12,13
5133,2022,2022-05-02T00:00:00,13,13
5134,2022,2022-05-02T00:00:00,14,13
5135,2022,2022-05-02T00:00:00,15,13
5136,2022,2022-05-02T00:00:00,16,13
5137,2022,2022-05-02T00:00:00,17,13
5138,2022,2022-05-02T00:00:00,18,13
5139,2022,2022-05-02T00:00:00,19,13
5140,2022,2022-05-02T00:00:00,20,13
5141,2022,2022-05-02T00:00:00,21,13
5142,2022,2022-05-02T00:00:00,22,13
5143,2022,2022-05-02T00:00:00,23,13
5144,2022,2022-05-02T00:00:00,24,13
5145,2022,2022-05-02T00:00:00,25,13
5146,2022,2022-05-02T00:00:00,26,13
5147,2022,2022-05-02T00:00:00,27,13
5148,2022,2022-05-02T00:00:00,28,13
5149,2022,2022-05-02T00:00:00,29,13
5150,2022,2022-05-02T00:00:00,30,13
5151,2022,2022-05-02T00:00:00,31,13
5152,2022,2022-05-02T00:00:00,32,13
5153,2022,2022-05-02T00:00:00,33,13
5154,2022,2022-05-02T00:00:00,34,13
5155,2022,2022-05-02T00:00:00,35,13
5156,2022,2022-05-02T00:00:00,36,13
5157,2022,2022-05-02T00:00:00,37,13
5158,2022,2022-05-02T00:00:00,38,13
5159,2022,2022-05-02T00:00:00,39,13
5160,2022,2022-05-02T00:00:00,40,13
5161,2022,2022-05-02T00:00:00,41,13
5162,2022,2022-05-02T00:00:00,42,13
5163,2022,2022-05-02T00:00:00,43,13
5164,2022,2022-05-02T00:00:00,44,13
5165,2022,2022-05-02T00:00:00,45,13
5166,2022,2022-05-02T00:00:00,46,13
5167,2022,2022-05-02T00:00:00,47,13
5168,2022,2022-05-02T00:00:00,48,13
5169,2022,2022-05-02T00:00:00,49,13
5170,2022,2022-05-02T00:00:00,50,13
5171,2022,2022-05-02T00:00:00,51,13
5172,2022,2022-05-02T00:00:00,52,13
5173,2022,2022-05-02T00:00:00,53,13
5174,2022,2022-05-02T00:00:00,54,13
5175,2022,2022-05-02T00:00:00,55,13
5176,2022,2022-05-02T00:00:00,56,13
5177,2022,2022-05-02T00:00:00,57,13
5178,2022,2022-05-02T00:00:00,58,13
5179,2022,2022-05-02T00:00:00,59,13
5180,2022,2022-05-02T00:00:00,60,13
5181,2022,2022-05-02T00:00:00,61,13
5182,2022,2022-05-02T00:00:00,62,13
5183,2022,2022-05-02T00:00:00,63,13
5184,2022,2022-05-02T00:00:00,64,13
